0x00138888221a216e5c865986a6e421ef6def30ea,0x1111111254fb6c44bac0bed2854e76f90643097d,call
0x00138888221a216e5c865986a6e421ef6def30ea,0x881d40237659c251811cec9c364ef91dc08d300c,call
0x00138888221a216e5c865986a6e421ef6def30ea,0xc02aaa39b223fe8d0a0e5c4f27ead9083c756cc2,call
0x00138888221a216e5c865986a6e421ef6def30ea,0xdef1c0ded9bec7f1a1670819833240f027b25eff,call
0x001c61662c21048efdab47e9afc638ff21b5af10,0x881d40237659c251811cec9c364ef91dc08d300c,call
0x001c61662c21048efdab47e9afc638ff21b5af10,0xb66d7272aadcf034ce8776cf115583baf916c50a,call
0x00a0d727fe2a08e9c33613949d2268822534608b,0xc2d7e033fe735dc8ef78e576288366e9c3dcc4e1,call
0x00a4cc5f9a797da9caf773a629b917ddd24496b0,0x881f21d3e2d2d4f48d815f41bea8dbdcf0e24e50,call
0x00db790b039600f10249998e2c55514b73d8c17b,0xdd9b54d1dd185f9302e24dd3ae9e652453f74705,call
0x00f2383317ed3ae77a237e293e519822f438f5b3,0x05b6e766f25a436ed5f70e4b320f24ce09d33ab8,call
0x00f2383317ed3ae77a237e293e519822f438f5b3,0x1b36ef22f13c564cee79d464dc03861f67e6cb40,call
0x00f2383317ed3ae77a237e293e519822f438f5b3,0x280fb21dc0ef4d761ac5df284306f52bd09aa07b,call
0x00f2383317ed3ae77a237e293e519822f438f5b3,0xadb090336899b1f0306a1b1d392884aa87201aba,call
0x04528fb91840ce4bcfc7390919a455d530da8ecb,0x3cd4351f3c962f871024efef2922ae39896e4761,call
0x04cea295cd9fce938b3ba608bb41629963b17360,0x60aa80fe41b43c180870a137c7a87334e5c3cb5d,call
0x05717559f79c1446344590eca181166d94b539af,0x3a3548e060be10c2614d0a4cb0c03cc9093fd799,call
0x05717559f79c1446344590eca181166d94b539af,0x68b3465833fb72a70ecdf485e0e4c7bd8665fc45,call
0x05717559f79c1446344590eca181166d94b539af,0x83c8f28c26bf6aaca652df1dbbe0e1b56f8baba2,call
0x05717559f79c1446344590eca181166d94b539af,0x9fb789797b08c2fac01e98a92a883f5c9fe1e377,call
0x05717559f79c1446344590eca181166d94b539af,0xc7f3dba1970bfe60feecb6e5e4a44103b57b1407,call
0x064f8babd88fb2508f717daa853c6a46968b0222,0x85b965eb4cf0b7c58e6d00e181fa179102f01e2c,call
0x0a26a7bdd83680975db3d758e28107e976b0558b,0x54b0de285c15d27b0daa687bcbf40cea68b2807f,call
0x0b7042b1dc787508952b146cac660ec2212604da,0x68b3465833fb72a70ecdf485e0e4c7bd8665fc45,call
0x0b7042b1dc787508952b146cac660ec2212604da,0x7f268357a8c2552623316e2562d90e642bb538e5,call
0x0b7042b1dc787508952b146cac660ec2212604da,0xa0c68c638235ee32657e8f720a23cec1bfc77c77,call
0x0b7042b1dc787508952b146cac660ec2212604da,0xc02aaa39b223fe8d0a0e5c4f27ead9083c756cc2,call
0x0d9881138a694b9e1983a5dd46f0ac00f2e8915a,0x12d66f87a04a9e220743712ce6d9bb1b5616b8fc,call
0x0d9881138a694b9e1983a5dd46f0ac00f2e8915a,0x52a88cf08aa7850587ae4d3291dc93f43cca4561,call
0x0e086a818dc0e154c114ff5b5b5bd09dfb8a35e5,0x3ea6ae92cc89ceae18e4e4ec28fdf950003011e0,call
0x0e422ece4f91718e3506900eed3acba25a58be7b,0x0851185501ba44e84fd8af13ade44846f00890b7,call
0x0e422ece4f91718e3506900eed3acba25a58be7b,0xdf748e0b0ae2dcbc23ae035d74fc39fb0d065b98,call
0x0e422ece4f91718e3506900eed3acba25a58be7b,0xf4f41d98a8d7a079d1508833d2177fa405380d95,call
0x0e42d32dcc5b83a9bc74523af3b8c3a3b4cf107f,0x00000000006c3852cbef3e08e8df289169ede581,call
0x0e42d32dcc5b83a9bc74523af3b8c3a3b4cf107f,0x68b3465833fb72a70ecdf485e0e4c7bd8665fc45,call
0x0ee0bde5a3e6fe4e72fe92ae78254de038b251f2,0x0777f76d195795268388789343068e4fcd286919,call
0x0f7308cf97ca10c6c02718813e3c88a50e838e85,0x6b03b7344bae935404a4d3de96bd384b6b63f128,call
0x0f7308cf97ca10c6c02718813e3c88a50e838e85,0x7744bb628f1cee71ea796a80c7c2630260a67e6a,call
0x0f7308cf97ca10c6c02718813e3c88a50e838e85,0x7ef865963d3a005670b8f8df6aed23e456fa75e0,call
0x0f7308cf97ca10c6c02718813e3c88a50e838e85,0xf39aec568494668a1b864b64de28ef4e660357ed,call
0x0f7308cf97ca10c6c02718813e3c88a50e838e85,0xff9981d2c6c6d612e03e4a32f5488e552eeae285,call
0x0fa9b3a07c796bc78981b2e9d546c75d6da1848a,0x393709845c63b7ac16ea60b6cda230a53693f2f4,call
0x0fa9b3a07c796bc78981b2e9d546c75d6da1848a,0x3aa5fa4fbf18d19548680a5f2bba061b18fed26b,call
0x0fa9b3a07c796bc78981b2e9d546c75d6da1848a,0xcc221ee1c1315728f0ddda3e5ddf0a77355c69d8,call
0x106b1b5a20acbb8c4a1c4b9230d8fa2360677972,0xf5e39300ab38d19b777d507a2a52f86e0c0c51b0,call
0x109c1a93948f3eacb4f78104bbc48e0ff654c81d,0x51a5271ec514c3065d9de2d8e95051989f7d53ab,call
0x12a1e8f498501c2cce0967f8b9717b28492fc668,0x00000000006c3852cbef3e08e8df289169ede581,call
0x12a1e8f498501c2cce0967f8b9717b28492fc668,0xde950ad648c6f31485d1cfa69b6e8e4707e6b57e,call
0x13377e12a6bfc0c6285b216917e330e0dbfa3df2,0x2a0c0dbecc7e4d658f48e01e3fa353f44050c208,call
0x13377e12a6bfc0c6285b216917e330e0dbfa3df2,0x815bde5591933ad1b025b6a34462d7ec02c71710,call
0x13942b4ba4ea40ba303aa86a858ae63ee8f341aa,0x46248a82ee39795c239049ed8eed78d305d4205c,call
0x13b6aa56a834d0af398ebb69dbb5e568311a5896,0x6090a6e47849629b7245dfa1ca21d94cd15878ef,call
0x13b6aa56a834d0af398ebb69dbb5e568311a5896,0xb1690c08e213a35ed9bab7b318de14420fb57d8c,call
0x14abee311d53441f9198f69cbc925117e7f1a833,0xa798760a5821ad53484d85b0e869292e0ee9d7a4,call
0x151ef3d2adb56b574fc62fac88fc98be05dc659a,0x5f742383b6d1298980030d6af943b76cdd902143,call
0x151ef3d2adb56b574fc62fac88fc98be05dc659a,0xb1690c08e213a35ed9bab7b318de14420fb57d8c,call
0x153685a03c2025b6825ae164e2ff5681ee487667,0x68b3465833fb72a70ecdf485e0e4c7bd8665fc45,call
0x174351f78a8573e0751337cb78eaba7d48cb2db4,0x6090a6e47849629b7245dfa1ca21d94cd15878ef,call
0x190a2409fc6434483d4c2cab804e75e3bc5ebfa6,0x1ebb218415b1f70aeff54041c743082f183318ce,call
0x190a2409fc6434483d4c2cab804e75e3bc5ebfa6,0x7be8076f4ea4a4ad08075c2508e481d6c946d12b,call
0x19c16bfadf1e2412ec98afa694ee71a0ddcd309c,0x06012c8cf97bead5deae237070f9587f8e7a266d,call
0x19c16bfadf1e2412ec98afa694ee71a0ddcd309c,0x2b78a837c37549539c62ab54a235a8e19fea812f,call
0x19c16bfadf1e2412ec98afa694ee71a0ddcd309c,0x2e8a97c62cc644adcd108b9bebcb9b32c9c58a1c,call
0x19c16bfadf1e2412ec98afa694ee71a0ddcd309c,0xb8c77482e45f1f44de1745f52c74426c631bdd52,call
0x19c16bfadf1e2412ec98afa694ee71a0ddcd309c,0xbf8fb919a8bbf28e590852aef2d284494ebc0657,call
0x19f97651d315822791b5467c16aac0fe7afe06cf,0x67a5de922c1f4d1a4dbd848466b86b5455fb6a3b,call
0x19f97651d315822791b5467c16aac0fe7afe06cf,0xa62142888aba8370742be823c1782d17a0389da1,call
0x19f97651d315822791b5467c16aac0fe7afe06cf,0xc02aaa39b223fe8d0a0e5c4f27ead9083c756cc2,call
0x1a3cf1b5d8a3f86326e9b7431108e8665865e09d,0x680a09ec5a6a33c8cdf7e8b37e8d8472d6988eb9,call
0x1a3cf1b5d8a3f86326e9b7431108e8665865e09d,0xa1cc175fa82d213424a25cf8af14704f62fa5eeb,call
0x1c180f637927384465a3c43e03d2dce18a892fda,0x03f7724180aa6b939894b5ca4314783b0b36b329,call
0x1c180f637927384465a3c43e03d2dce18a892fda,0x68b3465833fb72a70ecdf485e0e4c7bd8665fc45,call
0x1e2289562d0a9fe0dc0268ef124766363b85afc1,0x4fdb91dbce6cee2e08cf85d26eaa3e9bca0c12fe,call
0x1fbb2d5aa97e5ffde30058223a7a324538db3f45,0x2c2e3baa2191cf325a28a01ff42340f2ae677572,call
0x1fbb2d5aa97e5ffde30058223a7a324538db3f45,0x33a683a7af55942220e4efec514da11b5dc47996,call
0x1fbb2d5aa97e5ffde30058223a7a324538db3f45,0x5652deeef2cd631fed7819a35a5a80c4a0b3d52e,call
0x1fbb2d5aa97e5ffde30058223a7a324538db3f45,0x5d9b8fa00c16bcafae47deed872e919c8f6535bf,call
0x1fbb2d5aa97e5ffde30058223a7a324538db3f45,0x71a467c48b9c424d8b23d3b85de4dd7addf84fe8,call
0x1fbb2d5aa97e5ffde30058223a7a324538db3f45,0x7ddc1cb1b4326b3278e8cf90cdb9e2f57318eead,call
0x1fbb2d5aa97e5ffde30058223a7a324538db3f45,0xa9fa83d31ff1cfd14b7f9d17f02e48dcfd9cb0cb,call
0x1fbb2d5aa97e5ffde30058223a7a324538db3f45,0xaa1a6e3e6ef20068f7f8d8c835d2d22fd5116444,call
0x1fbb2d5aa97e5ffde30058223a7a324538db3f45,0xaf32279149101fa3f6e3d1768f051593049dcd9f,call
0x1fbb2d5aa97e5ffde30058223a7a324538db3f45,0xcb3ae1fcb86d208d688da935a463aecff8eaeb41,call
0x20026dd3463598f5356848c26c888148b156504f,0x06012c8cf97bead5deae237070f9587f8e7a266d,call
0x20026dd3463598f5356848c26c888148b156504f,0xb1690c08e213a35ed9bab7b318de14420fb57d8c,call
0x2041c60347ba953d3715c8519a12345b69cf7168,0x00000000006c3852cbef3e08e8df289169ede581,call
0x21c5e347d8aaf192175d3154fadc124d021a23f3,0xdd9fd6b6f8f7ea932997992bbe67eabb3e316f3c,call
0x21e8ba6242a3389bee86557058fd62695bfb8e01,0x5427fefa711eff984124bfbb1ab6fbf5e3da1820,call
0x21e8ba6242a3389bee86557058fd62695bfb8e01,0x7a250d5630b4cf539739df2c5dacb4c659f2488d,call
0x23d2ec7e8e1378765ec9fae4a0d0761861d8bc34,0x78b7fada55a64dd895d8c8c35779dd8b67fa8a05,call
0x23d2ec7e8e1378765ec9fae4a0d0761861d8bc34,0xbb9bc244d798123fde783fcc1c72d3bb8c189413,call
0x2452a4c96c0cfef8c3374f6f1f0c99e9e88d89d8,0x0b3e515cb8b318120c5a126679eb945f2bb2ddea,call
0x2452a4c96c0cfef8c3374f6f1f0c99e9e88d89d8,0x23a8939f3af99c286a3890b02452e82c0bed38a1,call
0x2452a4c96c0cfef8c3374f6f1f0c99e9e88d89d8,0x4ddc2d193948926d02f9b1fe9e1daa0718270ed5,call
0x2452a4c96c0cfef8c3374f6f1f0c99e9e88d89d8,0x82a690a072cc9e5b9d3219f024204809f83f8154,call
0x2452a4c96c0cfef8c3374f6f1f0c99e9e88d89d8,0xf7ed56c1ac4d038e367a987258b86fc883b960a1,call
0x273e4dffc537d8aaf03fdcb8b1c2625ab30e489f,0x881d40237659c251811cec9c364ef91dc08d300c,call
0x2829f8689dc90a60b1d011af2dfb0cf859bd4c48,0x5fdcca53617f4d2b9134b29090c87d01058e27e9,call
0x2829f8689dc90a60b1d011af2dfb0cf859bd4c48,0xa90ddcb10e4f80cdb9bc25ee8e96cf30199e70ad,call
0x289dfb94c3e0acca87068ee2d7b6b9fab4743770,0x4ab540e5aa7f304c5f67ac1cdef9a010d017781c,call
0x293493dc8a6379a9913b1b1f579a0c90f7d99a49,0x5d4cbcd30515d78370f35c5e45427dd576922225,call
0x293493dc8a6379a9913b1b1f579a0c90f7d99a49,0xa03b5ea89ede664ccb3b4a49c5b25f6a4658e174,call
0x29a9c76ad091c015c12081a1b201c3ea56884579,0x315a48630034800d0f34f4aeda608fbd9ebb3315,call
0x2a7d6545daa76bf35140fc023c8ea82c71e57ead,0x7a250d5630b4cf539739df2c5dacb4c659f2488d,call
0x2a7d6545daa76bf35140fc023c8ea82c71e57ead,0x7be8076f4ea4a4ad08075c2508e481d6c946d12b,call
0x2c6a39c214f556c30e86566c36f8c0ccf39d137a,0x91468d66edb1367ff6537ed9705f3c288933c5ab,call
0x2c6a39c214f556c30e86566c36f8c0ccf39d137a,0xa4803f17607b7cdc3dc579083d9a14089e87502b,call
0x2ce2b8f1d6f8322972110f3378a4aacf07fe5d45,0xe30a76ec9168639f09061e602924ae601d341066,call
0x2f7a2e777fcaa669ab3f10f58466190a6d169f17,0x0777f76d195795268388789343068e4fcd286919,call
0x2faea7e734acae57b16325dd7aa9e089a587aa79,0x25b7dbaf654718171892f39357af75e060b2db5b,call
0x3078dc4eb05f1d8f7d9482d795f59cc10017297c,0xd1ceeeeee83f8bcf3bedad437202b6154e9f5405,call
0x3085ec50eb94e6fa9f60a0aa50974c08f5b1e044,0x1d979bd0b663040f2fe8a9854a8569919ae153ac,call
0x3085ec50eb94e6fa9f60a0aa50974c08f5b1e044,0x25b7dbaf654718171892f39357af75e060b2db5b,call
0x32288683e67370085db0d2609e482990f0fe9675,0x62190802001819f42cb2eda7017d3c617af431c1,call
0x32288683e67370085db0d2609e482990f0fe9675,0xab83d96de35bad6f234178fbb6507203488e9626,call
0x32373645359c9ccf1bd2d63afd153ff65d41a404,0xbde85214550fcb48c77537508e712fa1a38d9d64,call
0x32373645359c9ccf1bd2d63afd153ff65d41a404,0xd569d3cce55b71a8a3f3c418c329a66e5f714431,call
0x325a07ef9fb9a57542e59ec3c32af0f3d07fdbc8,0xdf100fa9a871669f1c99649fe7852ff45228a83b,call
0x328ebc7bb2ca4bf4216863042a960e3c64ed4c10,0x000000000000509081d6fcd3ee63e791ad1db763,call
0x328ebc7bb2ca4bf4216863042a960e3c64ed4c10,0x283af0b28c62c092c9727f1ee09c02ca627eb7f5,call
0x3292eea075623757a0cf5f2f269a6a582ef7e34c,0xdd9fd6b6f8f7ea932997992bbe67eabb3e316f3c,call
0x32f9568fec0c38de65324719e2ddd38d787b6e1f,0x181affba8ef5233c5a1a07e09246ccb47dc8516c,call
0x32f9568fec0c38de65324719e2ddd38d787b6e1f,0xdd9fd6b6f8f7ea932997992bbe67eabb3e316f3c,call
0x32f9568fec0c38de65324719e2ddd38d787b6e1f,0xf317a365cfef0aa4357abd057048808a1d430402,call
0x335234f66bfacf1482c2c34acfdd535f3ad2a79a,0x35e44051799bd7cea091c4fad2cba9b37e364c5b,call
0x335234f66bfacf1482c2c34acfdd535f3ad2a79a,0x4b17c05fc1566891e5a9220d22527b5aeab0e1d0,call
0x33ce6e0415e0de02e182b57594d656ad8220c0a9,0x0c073c92e7684031cfc297b83ecc33619e864d18,call
0x33ce6e0415e0de02e182b57594d656ad8220c0a9,0x1d4f123bda7614084094f75ac13fb217222c737b,call
0x33dc56df62d7851584d5a2b45261fb9ea1119151,0x85b965eb4cf0b7c58e6d00e181fa179102f01e2c,call
0x35b1e4c7030858796161129b0648da8db99edb3c,0xcba8906c38b4cd505948690c2074c2a855731a3b,call
0x35b1e4c7030858796161129b0648da8db99edb3c,0xd77881639cdaa67087161e8b918daca88eda5913,call
0x35eaa759b7584f7f8ce049e4efe9f109da6db660,0x9284c4b9da2c97d63bdb930aaa8eb751299fc8d4,call
0x35eaa759b7584f7f8ce049e4efe9f109da6db660,0xa3d4d7df3988d48c48728787cb5910a8a4cc4d26,call
0x37e7e09a5c4f2d3e4d9d54cf995f20aa74cf6d56,0x6bfad42cfc4efc96f529d786d643ff4a8b89fa52,call
0x37e7e09a5c4f2d3e4d9d54cf995f20aa74cf6d56,0x7beeeff66004ee42df093d3cebb3da39951b4e6d,call
0x37e7e09a5c4f2d3e4d9d54cf995f20aa74cf6d56,0xa0c68c638235ee32657e8f720a23cec1bfc77c77,call
0x37e7e09a5c4f2d3e4d9d54cf995f20aa74cf6d56,0xd9e1ce17f2641f24ae83637ab66a2cca9c378b9f,call
0x380606b62e78b1a2d60ec74b05fa244cf7db381c,0x7a250d5630b4cf539739df2c5dacb4c659f2488d,call
0x38a634f4bd7087d8c283c89397088bb0fdbaee29,0x2601e7f93243b660e3a51c34d2575bc065338af0,call
0x38a634f4bd7087d8c283c89397088bb0fdbaee29,0x4b67be266d81bf5cee60fc12b3bded87fcdac783,call
0x3be707db91c31fc43105853cc6db059e0d385cbf,0x4a3232cde9670e5214f6864089b70f7426729dc8,call
0x3d089089313e11cc78ba170e6739a3962f00149e,0x2f846758e479ee7e0bd87cea5b9f8f3e314c6bd9,call
0x3d089089313e11cc78ba170e6739a3962f00149e,0x6f89544bc460f15315086f411b9c1fe5c8cfb1f1,call
0x3d1cf454aa8cc895a16c220c365ae8e150784dcd,0x5980d3848e49d490afdb3f6b6d564104248ada4d,call
0x3d1cf454aa8cc895a16c220c365ae8e150784dcd,0x5a2af9d2e16a08aaa25a96f307c689ae07ca1a63,call
0x3d1cf454aa8cc895a16c220c365ae8e150784dcd,0xaf522608bf9355345bb1fed33219ee4623b9b81f,call
0x3d1cf454aa8cc895a16c220c365ae8e150784dcd,0xb6c0ddc7df76e37e1292a79f77cebf2ed65f5cb8,call
0x3d1cf454aa8cc895a16c220c365ae8e150784dcd,0xc5c49c5f57d9f1635dde956c6858146717879600,call
0x3d6ece242b1696ab8be17bf1a30ea9e98978ea64,0x425372c0ac9d559a186a08a3854e0ddea1a00d5c,call
0x3d6ece242b1696ab8be17bf1a30ea9e98978ea64,0xf4985070ce32b6b1994329df787d1acc9a2dd9e2,call
0x3fd51473217cf4a556620523d9cc5e23e85e7c5f,0x129acbb3ad1a3ad13fec0fc7ca26811a487e14c9,call
0x3fd51473217cf4a556620523d9cc5e23e85e7c5f,0x26734b13f46d27ae258d04533e52428334fca2a3,call
0x3fd51473217cf4a556620523d9cc5e23e85e7c5f,0x2a1dbabe65c595b0022e75208c34014139d5d357,call
0x3fd51473217cf4a556620523d9cc5e23e85e7c5f,0x301e2da5da192292c7b54a3a0c70768252827045,call
0x3fd51473217cf4a556620523d9cc5e23e85e7c5f,0x326cfa9dfa34bb7c39603b94ca000c4c458d2367,call
0x3fd51473217cf4a556620523d9cc5e23e85e7c5f,0x5983f1eb0508190e821e380a8ed273725f5d927c,call
0x3fd51473217cf4a556620523d9cc5e23e85e7c5f,0x6ce76cf3ec1a0b06c18dabf331d70ed210ff2307,call
0x3fd51473217cf4a556620523d9cc5e23e85e7c5f,0x7f6eac2ea38284645795996b11f9bf227cf9551d,call
0x3fd51473217cf4a556620523d9cc5e23e85e7c5f,0x8b353021189375591723e7384262f45709a3c3dc,call
0x3fd51473217cf4a556620523d9cc5e23e85e7c5f,0xa7fa7588cd7ebf3d0e128f07da7406dd74e241df,call
0x3fd51473217cf4a556620523d9cc5e23e85e7c5f,0xcc77bfc17ec7ce8a91b16e6e79695f9bb4fbf708,call
0x3fd51473217cf4a556620523d9cc5e23e85e7c5f,0xdbb0de04eb832b601c04f666f728db0b96e86135,call
0x3fd51473217cf4a556620523d9cc5e23e85e7c5f,0xde289c1aa8ddcf0c9babd26cff000954f69e13ec,call
0x3fd51473217cf4a556620523d9cc5e23e85e7c5f,0xef650b86c56519826664e20198ee8211616619da,call
0x40d06511caade7e5a06f56b70f397438b07edc33,0xd9e1ce17f2641f24ae83637ab66a2cca9c378b9f,call
0x4356b35c59f5cdc93e0e064781b359cb4d00dbeb,0x3aa5fa4fbf18d19548680a5f2bba061b18fed26b,call
0x4356b35c59f5cdc93e0e064781b359cb4d00dbeb,0xd48e165b0027e8055b3b7016a35078b23527a95d,call
0x43dbfbd548269ec6485317bd9adabccf3ca9292a,0x167cb3f2446f829eb327344b66e271d1a7efec9a,call
0x4469bc6bd2ba2acda7841c2350d0d1de7f26521f,0x3fc09ff5239c317acaa88658ceb68cc24728bc93,call
0x4469bc6bd2ba2acda7841c2350d0d1de7f26521f,0x489c829a9daa1ac5fea588fccb80083e92b78e1d,call
0x4469bc6bd2ba2acda7841c2350d0d1de7f26521f,0xd1c0644708d66ec7849bb09173edefe731d709cd,call
0x459e03ecbe6078f9981765b8e7dd2106c4e369da,0x72ce9c846789fdb6fc1f34ac4ad25dd9ef7031ef,call
0x459e03ecbe6078f9981765b8e7dd2106c4e369da,0xd4d871419714b778ebec2e22c7c53572b573706e,call
0x46020f60385be7a0f226eab6ab65535171888476,0x5f2a09249a8cabcb8279f6f96c9cd1ad8b3f2e81,call
0x46020f60385be7a0f226eab6ab65535171888476,0xa62142888aba8370742be823c1782d17a0389da1,call
0x46620457dd35591ac7e19e80cb655497322849d2,0x3e66b66fd1d0b02fda6c811da9e0547970db2f21,call
0x46620457dd35591ac7e19e80cb655497322849d2,0x73282a63f0e3d7e9604575420f777361eca3c86a,call
0x46620457dd35591ac7e19e80cb655497322849d2,0x7a250d5630b4cf539739df2c5dacb4c659f2488d,call
0x46620457dd35591ac7e19e80cb655497322849d2,0x96cfa408ca039d9afea0b8227be741ef52e8a037,call
0x46d9112533ef677059c430e515775e358888e38b,0x24e2b1d415e6e0d04042eaa45dc2a08fc33ca6cd,call
0x46d9112533ef677059c430e515775e358888e38b,0x3945cb1cbcaa29cb713c6c497f34fa69d6445e7d,call
0x46d9112533ef677059c430e515775e358888e38b,0x5bc9845fa1fd30b4edcc468c0fe219c9030000d4,call
0x46d9112533ef677059c430e515775e358888e38b,0xe9cf7887b93150d4f2da7dfc6d502b216438f244,call
0x4705938fcc700b04a72ed93122955482358a0c1d,0x14cf6193935b17fc72649ba420fdd5bfdf1f0001,call
0x4705938fcc700b04a72ed93122955482358a0c1d,0x555eedd21fbef9789ad25a531e342df0d020d98d,call
0x47b5ed2279478151d1631014aa90f876fec4a136,0x33c0d33a0d4312562ad622f91d12b0ac47366ee1,call
0x47b5ed2279478151d1631014aa90f876fec4a136,0x700be3c6d4f7694833358bba49e78a02b9bea5a7,call
0x48088a0fa362953d39fb1dbef670a9506325986f,0x29b4c30344290e8def77eb35cad6cd6455e071cc,call
0x48088a0fa362953d39fb1dbef670a9506325986f,0x3324761b8d99a8e69b7b7d23f6da57b5dd8c4229,call
0x48088a0fa362953d39fb1dbef670a9506325986f,0x68b3465833fb72a70ecdf485e0e4c7bd8665fc45,call
0x48088a0fa362953d39fb1dbef670a9506325986f,0xd90e2f925da726b50c4ed8d0fb90ad053324f31b,call
0x4834a077747db16b3abf98b46a209a279b78f140,0x646231b7ea1ee47876dac12578980b05abab1fc3,call
0x494952f01a30547d269aaf147e6226f940f5b041,0x48355ce6ba377d06335be9499feaf735948484bc,call
0x494952f01a30547d269aaf147e6226f940f5b041,0x7be8076f4ea4a4ad08075c2508e481d6c946d12b,call
0x494952f01a30547d269aaf147e6226f940f5b041,0xd7edd06f6300c04ac453e33dd726096be2d49efa,call
0x4967c05ae6256a34feeb101ccece2caacf40bfb0,0x52af063278c6489a9def8b27615fa813797cded1,call
0x4967c05ae6256a34feeb101ccece2caacf40bfb0,0x6acd16200a2a046bf207d1b263202ec1a75a7d51,call
0x4967c05ae6256a34feeb101ccece2caacf40bfb0,0x8d12a197cb00d4747a1fe03395095ce2a5cc6819,call
0x49b265923b9b7b8c505566851b1e8cf01199cd97,0xf7c83bd0c50e7a72b55a39fe0dabf5e3a330d749,call
0x4ac14e5e9b6bd85336c88b1f0ae05d6501788393,0xa95fa2739bd56e7b1934f511a20c7e3aee596689,call
0x4ad610b4a338c9d1c4820ecc53ebc68d35b35962,0x52ec2f3d7c5977a8e558c8d9c6000b615098e8fc,call
0x4ad610b4a338c9d1c4820ecc53ebc68d35b35962,0x5fdcca53617f4d2b9134b29090c87d01058e27e9,call
0x4d9f0ce2893f2f1bc0a0f0ba60aee3176c9f5f91,0xd1ceeeeee83f8bcf3bedad437202b6154e9f5405,call
0x4dc33b5d6c3aa7f9825d369b92906ace4e5b26fe,0x41ec0ddb4e3a17e9b0a6bae7d90f2d389aaf7dee,call
0x4dc33b5d6c3aa7f9825d369b92906ace4e5b26fe,0x8d12a197cb00d4747a1fe03395095ce2a5cc6819,call
0x4dc33b5d6c3aa7f9825d369b92906ace4e5b26fe,0xaec1f783b29aab2727d7c374aa55483fe299fefa,call
0x4dc33b5d6c3aa7f9825d369b92906ace4e5b26fe,0xd1ceeeeee83f8bcf3bedad437202b6154e9f5405,call
0x4dc33b5d6c3aa7f9825d369b92906ace4e5b26fe,0xdec3ae1e8ed1f7c06273b99cf010b4c8c2f2b100,call
0x4dc33b5d6c3aa7f9825d369b92906ace4e5b26fe,0xfcd3a0f5f416e407647a7518b90354946d316059,call
0x4e4f84e0985de361d17ceb62754208fa1298ded7,0x379e2768e0631493dfcc9a560171e66f93cbcc69,call
0x4e4f84e0985de361d17ceb62754208fa1298ded7,0x555eedd21fbef9789ad25a531e342df0d020d98d,call
0x4e4f84e0985de361d17ceb62754208fa1298ded7,0xcc97ebb7c5a7d97db32fb23a23fe516575c5e10a,call
0x4e8ffddb1403cf5306c6c7b31dc72ef5f44bc4f5,0x4dbd4fc535ac27206064b68ffcf827b0a60bab3f,call
0x4e8ffddb1403cf5306c6c7b31dc72ef5f44bc4f5,0xc02aaa39b223fe8d0a0e5c4f27ead9083c756cc2,call
0x4e8ffddb1403cf5306c6c7b31dc72ef5f44bc4f5,0xc36442b4a4522e871399cd717abdd847ab11fe88,call
0x50003ee5117819d2c07ec74a319b19b84c73fdca,0x5c578a084dc31d000cf1db576cdf023e0a67ed27,call
0x5019f57497f57d66e67faf1e7ae91f3660775e3a,0x7a250d5630b4cf539739df2c5dacb4c659f2488d,call
0x5138240e96360ad64010c27eb0c685a8b2ede4f2,0x99a923b8f3a4e41740e3f8947fd7be6aa736d8a6,call
0x52b6341041565519b789f49d3b32f156a7d19ac1,0x881d40237659c251811cec9c364ef91dc08d300c,call
0x532b5db826cc78cc20aac10ba25ac9f580286516,0x4d6ec066345e3466d9e970caad4732983ae4bc2c,call
0x532b5db826cc78cc20aac10ba25ac9f580286516,0xd1ceeeeee83f8bcf3bedad437202b6154e9f5405,call
0x5421b0f2c4eddb76c3aa2d03a62c0b2bfb55ad94,0xa62142888aba8370742be823c1782d17a0389da1,call
0x545fc0a3295334da7cbd3c510af2672f7d751e3f,0x0e1bd9fc95bfe0c72275d5bf71427f9d2eb3f4c2,call
0x545fc0a3295334da7cbd3c510af2672f7d751e3f,0x11111112542d85b3ef69ae05771c2dccff4faa26,call
0x545fc0a3295334da7cbd3c510af2672f7d751e3f,0x283af0b28c62c092c9727f1ee09c02ca627eb7f5,call
0x5479a9ec6386db424b563ef059fc127042543a5d,0x3e796fcffd37acf1d3113159544c32386cdff34d,call
0x5479a9ec6386db424b563ef059fc127042543a5d,0xc02aaa39b223fe8d0a0e5c4f27ead9083c756cc2,call
0x553bb4933bdcc90af7581b89c23c943735710158,0x469503159ddf6bfd0a9ec8eba8e97a84fd3eae5b,call
0x553bb4933bdcc90af7581b89c23c943735710158,0xdd61737d5c3e10c7ae6c2428ff068f631d1f8949,call
0x57fb054732068abc075e72b26b8ace60c1d28dcf,0xc36442b4a4522e871399cd717abdd847ab11fe88,call
0x57fb054732068abc075e72b26b8ace60c1d28dcf,0xdc24316b9ae028f1497c275eb9192a3ea0f67022,call
0x58d98f069ad7fb5fd1a741444544de5cf76427ec,0xc446b5b0a696b6735bf95888a896253a1a5d25f5,call
0x5ac4d2b192cbb136cb6c54d6035ccc65f001adfa,0x10124ca4a4e8a5908c18abc536c6f828a7efe1ea,call
0x5addd0dcdb114300a91788ea84d1b4ac9ae0db91,0x555eedd21fbef9789ad25a531e342df0d020d98d,call
0x5b2d7d6308eac9e326b9398baf8ba054b191783a,0x283af0b28c62c092c9727f1ee09c02ca627eb7f5,call
0x5b2d7d6308eac9e326b9398baf8ba054b191783a,0xc02aaa39b223fe8d0a0e5c4f27ead9083c756cc2,call
0x5b2d7d6308eac9e326b9398baf8ba054b191783a,0xc36442b4a4522e871399cd717abdd847ab11fe88,call
0x5c10755f40a0f0c5d4c408728574d4d93720167f,0x5cee173ee3a9568a4d66d882d78fdf5724251e82,call
0x5d4fe11cd67cf21a5b7e75efb12388cd2c250b5a,0x03f34be1bf910116595db1b11e9d1b2ca5d59659,call
0x5dc905c625e43ced2a76c648f66ae9b98455f58d,0x43aa26d63e1b245e940ffdf8e394a229069639df,call
0x5e2073e67dc5e1132d2eb45affdd7944614c7959,0x046bfc1c560c1911184a0efa48dfe90edec45f75,call
0x5e2073e67dc5e1132d2eb45affdd7944614c7959,0x38dc7c63c32c1e919d03f81d7e5b7e3cd3196e2d,call
0x5e2073e67dc5e1132d2eb45affdd7944614c7959,0x3cd0c444137bac6996f262f92d1b79d6e8ad85b8,call
0x62de55d26d78650355954ee2f0fe75cb4d30814e,0x7a250d5630b4cf539739df2c5dacb4c659f2488d,call
0x63079021ad488425fd13774cd501d95d4358ae54,0x7a250d5630b4cf539739df2c5dacb4c659f2488d,call
0x642fbb45842764a9b5e56bfb1e9b0b1fd0ced490,0xd1ceeeeee83f8bcf3bedad437202b6154e9f5405,call
0x64b4bc5fcd15862438dc9557b26748c943c501d2,0x05aa2fdf9f58b426b49900834cce0565d88e52eb,call
0x64b4bc5fcd15862438dc9557b26748c943c501d2,0xa62142888aba8370742be823c1782d17a0389da1,call
0x64de3e853e71bbafd1610a6ed989562989f03f0b,0x41a5cde849c3e5167db69934811958c2d36d323a,call
0x64de3e853e71bbafd1610a6ed989562989f03f0b,0x81190d066c1cca9a778a41703c9c7f6c506629d1,call
0x64de3e853e71bbafd1610a6ed989562989f03f0b,0xab51a20d744574f33e7f28a7b66b748dd5f7ce04,call
0x65e48ff0a4e9a920422049d8c8e3e34d577a6d36,0x8d12a197cb00d4747a1fe03395095ce2a5cc6819,call
0x65e48ff0a4e9a920422049d8c8e3e34d577a6d36,0xa315bd2e3227c2ab71f1350644b01757eaff9cb4,call
0x65e48ff0a4e9a920422049d8c8e3e34d577a6d36,0xe501aceae5a49228c170cd26fc6b678599c7f217,call
0x65f53b9d60c2c97f11bb5544b5897f3e6512932c,0x1de23f02e185fdc4f6bacc98d6c6419370e38538,call
0x65f53b9d60c2c97f11bb5544b5897f3e6512932c,0x3fcb2d173389b7cd8079ef8b439dbd92e7e0ae28,call
0x65f53b9d60c2c97f11bb5544b5897f3e6512932c,0x57d02550f47dd932d2fb84e0aa883c9d8d53c313,call
0x65f53b9d60c2c97f11bb5544b5897f3e6512932c,0x6bc98381ffb3fb92d4cf17c1f9d43a6e285b3585,call
0x6645170225cac79a92fbd63f484a2a329605475a,0x60aa80fe41b43c180870a137c7a87334e5c3cb5d,call
0x6645170225cac79a92fbd63f484a2a329605475a,0x78f6a1d4b94d2e6c4ce3c5cc858b9dfb6e98b50f,call
0x6645170225cac79a92fbd63f484a2a329605475a,0x7f0fd8fa402d56dca1f4baa9bf3880721c274d53,call
0x6645170225cac79a92fbd63f484a2a329605475a,0x95dc2651987e6acce7364fc9a8d612f273220a77,call
0x6645170225cac79a92fbd63f484a2a329605475a,0xaae10c1223df062e2df6982a80621977fa8b2d34,call
0x6645170225cac79a92fbd63f484a2a329605475a,0xcf7cba701ded5c4d8e588e64f70b6ba1c17ea277,call
0x6645170225cac79a92fbd63f484a2a329605475a,0xee9147dd0307e4a663d0f756549d47d6f8bd356b,call
0x6645170225cac79a92fbd63f484a2a329605475a,0xfbb4d61af2b81c232d8dd300570a89ef935d6d2e,call
0x6722f0f181033db5ea7eccc3d9c06922edee3096,0xc76ce8774d77ee334f5af296913ec45108ab0568,call
0x68e5cfe5ca729b6b541dbcae667bd06201aa4a1e,0x046bfc1c560c1911184a0efa48dfe90edec45f75,call
0x68e5cfe5ca729b6b541dbcae667bd06201aa4a1e,0x330f0ecdfb51fbe6e191361e2288aee827beea8f,call
0x68e5cfe5ca729b6b541dbcae667bd06201aa4a1e,0x3cd0c444137bac6996f262f92d1b79d6e8ad85b8,call
0x6a31313754e12cccec9c8a96f2bad02bee4a83bf,0xbb9bc244d798123fde783fcc1c72d3bb8c189413,call
0x6bc2a53df6c7ba2460179abb5f943aa5b4c3e140,0xb1690c08e213a35ed9bab7b318de14420fb57d8c,call
0x6c388e7509fb44ddf18cd3cfb6234b9eba8da3fc,0x2763128f58baebe3db3600f4c949d7128dc930e8,call
0x6c388e7509fb44ddf18cd3cfb6234b9eba8da3fc,0x84648da66aca2cb2b7a6e09e706fdeaa57c54ccf,call
0x6fb5e5a4f0abd3d9076d7b4a416e1250c4639f7a,0x555eedd21fbef9789ad25a531e342df0d020d98d,call
0x6fc54ccba579a540f89d562e4c915e9bea949268,0x7a250d5630b4cf539739df2c5dacb4c659f2488d,call
0x6fc54ccba579a540f89d562e4c915e9bea949268,0xd9e1ce17f2641f24ae83637ab66a2cca9c378b9f,call
0x70341461e043f4bf14c70018ff25efb0a7dfeb64,0x26b5962250b779ab0f33970738a46fcfb00a70b9,call
0x70341461e043f4bf14c70018ff25efb0a7dfeb64,0x39cd7df2c8722f2f87742c0027c69fa518d0ccdf,call
0x7040172c62165282cbdf958200c786d3548a9d49,0x881d40237659c251811cec9c364ef91dc08d300c,call
0x7040172c62165282cbdf958200c786d3548a9d49,0xa0c68c638235ee32657e8f720a23cec1bfc77c77,call
0x70eb3bcecdc49615a805f8f0425e1ae2412de9a6,0x00000000006c3852cbef3e08e8df289169ede581,call
0x70eb3bcecdc49615a805f8f0425e1ae2412de9a6,0x7a250d5630b4cf539739df2c5dacb4c659f2488d,call
0x70eb3bcecdc49615a805f8f0425e1ae2412de9a6,0x83c8f28c26bf6aaca652df1dbbe0e1b56f8baba2,call
0x70eb3bcecdc49615a805f8f0425e1ae2412de9a6,0xc36442b4a4522e871399cd717abdd847ab11fe88,call
0x72ebdf38ac84991109dd776ca227bb330264633e,0x00d25ac2553e2bd220c9f61c8191f32d8e66e37e,call
0x72ebdf38ac84991109dd776ca227bb330264633e,0x2cc1060de78aa44e3e6a86102fac93f1de49adb2,call
0x72ebdf38ac84991109dd776ca227bb330264633e,0x8dd9034f7ccc805bdc4d593a01f6a2e2eb94a67a,call
0x72ebdf38ac84991109dd776ca227bb330264633e,0xec1badadbb8d51d4e99a5afdc292069438aef419,call
0x77abd15cd6b79420b76332fd9fc29c6a775c86ae,0x39ecb4b2dc0a901a110adb0f8a5a54357558f731,call
0x78356c844ad231420a210675b8da403f778afda6,0x101aabe6fde979951dc8bd07d204ecbaa97f3289,call
0x78356c844ad231420a210675b8da403f778afda6,0x118db86f704b7efa890868f8f94d21fc721664ec,call
0x78356c844ad231420a210675b8da403f778afda6,0x243ab5b6f686de1c85174a011880f8299f53b894,call
0x78356c844ad231420a210675b8da403f778afda6,0x3137e47a9fcb75fe558688b9d22581fb580dcd4a,call
0x78356c844ad231420a210675b8da403f778afda6,0x32e07d499ab551978f97b41d9001571bcf8c7240,call
0x78356c844ad231420a210675b8da403f778afda6,0x392052c85c140ec7734f02b9e27415cfadd18b7b,call
0x78356c844ad231420a210675b8da403f778afda6,0x54d1b5ba2c2a696fb4735b75705eececbdcdc0e6,call
0x78356c844ad231420a210675b8da403f778afda6,0x68b8fc3f197467ceee4669cc532f71dbe8a180e4,call
0x78356c844ad231420a210675b8da403f778afda6,0x906b5648c077b2472057a5263c67826767fc2276,call
0x78356c844ad231420a210675b8da403f778afda6,0xb70d8f364c46047d886f0f24adaa9868b4b3837b,call
0x78356c844ad231420a210675b8da403f778afda6,0xb86740180c9f5578740ce9623c937f9fb60a3944,call
0x78356c844ad231420a210675b8da403f778afda6,0xcb4dd1b38b0c9bcd6877d13a438de99f4f7430f7,call
0x78356c844ad231420a210675b8da403f778afda6,0xde4723efc1ca369cc5cbdd1db3473e24282d7cd8,call
0x78356c844ad231420a210675b8da403f778afda6,0xe7020691d9af3cac62b46dccecaff3f8a6c0e03a,call
0x78785d883012467e3c2b01fa4f87d91346eaa25d,0x0ad3227eb47597b566ec138b3afd78cfea752de5,call
0x78785d883012467e3c2b01fa4f87d91346eaa25d,0x14580a944246339d9151ab4e22458b3ab926438b,call
0x7ad54ee3255b05392aa52942d946fb0664a6c14e,0xa62142888aba8370742be823c1782d17a0389da1,call
0x7b5bd7c9e3a0d0ef50a9b3acf5d1acd58c3590d1,0x63a993502e74828ddba5710327afc6dc78d661b2,call
0x7fdaaed472656257479ebf98549ed5a14526ba5c,0xa33c4a314faa9684eeffa6ba334688001ea99bbc,call
0x80819ad04ed454728d279df0e1816583c9315d6d,0x964f35fae36d75b1e72770e244f6595b68508cf5,call
0x80819ad04ed454728d279df0e1816583c9315d6d,0xc02aaa39b223fe8d0a0e5c4f27ead9083c756cc2,call
0x80be1b99df34224f7ef0e24f5f03b0372cf9ad42,0x1054bf40be3e021e26fa5f6d627fe395a3fd3f26,call
0x80be1b99df34224f7ef0e24f5f03b0372cf9ad42,0x4c29d75cc423e8adaa3839892feb66977e295829,call
0x80be1b99df34224f7ef0e24f5f03b0372cf9ad42,0xdc078ff399d0001c31454e83896e8881d164fb95,call
0x825d5d0df3b2d59f69cc673f041ca91a296b8183,0xf9a489e82cf4a090fd1fc766eb21edec249d7e71,call
0x82b9842fbe79a1a5511e4a23a55b37037e24d3d4,0x048717ea892f23fb0126f00640e2b18072efd9d2,call
0x83170aa0df7dcafe0d053e14338f37625931a90c,0x3aa5fa4fbf18d19548680a5f2bba061b18fed26b,call
0x83170aa0df7dcafe0d053e14338f37625931a90c,0x5aa9ec79407fdd870b05e38a3aed639ed8b2fae1,call
0x83170aa0df7dcafe0d053e14338f37625931a90c,0x71c2683152b632fa1d515a3df067825e2b240216,call
0x83170aa0df7dcafe0d053e14338f37625931a90c,0xa2ed452396e3afd966a0337c5186456d0dc67bfa,call
0x83170aa0df7dcafe0d053e14338f37625931a90c,0xdfbfd64726b1b178ef8204ae4992f641f31c8248,call
0x84ecb387395a1be65e133c75ff9e5fcc6f756db3,0xb8901acb165ed027e32754e0ffe830802919727f,call
0x85699fb928fe4db4271b26119536bca9e8006f7c,0x11d0b2243739656f54c0277ed0eecde46658a537,call
0x86fa50f8e1ce0798a7502a88941610ae61d396f3,0x39ffccecc551f35f8dfcb52c8c01060919aed1ea,call
0x86fa50f8e1ce0798a7502a88941610ae61d396f3,0xb3640c4e8b8317cbe65aa4f20c7851996e6b406c,call
0x8779052f3858d70865b11af947c580a0993f9ac6,0x7a250d5630b4cf539739df2c5dacb4c659f2488d,call
0x89535d8899ef1cb58a9885c8e0969dc82a8a59f6,0xfa05a73ffe78ef8f1a739473e462c54bae6567d9,call
0x8981ce4369dc1e24663a241a24a8d1eab9aa5c96,0x12d66f87a04a9e220743712ce6d9bb1b5616b8fc,call
0x8981ce4369dc1e24663a241a24a8d1eab9aa5c96,0xc9e70de6eb1cc1388e9de24bcfd7e57dc3cbe790,call
0x8981ce4369dc1e24663a241a24a8d1eab9aa5c96,0xe0a66e8e4cb222fe33a3371d46a229bad8dce236,call
0x89a64c31240eee15e8884667ad1877761c63afe6,0x0f26c26318872e8fa85dee5d30cba45ed53b3d3e,call
0x89a64c31240eee15e8884667ad1877761c63afe6,0x2040bff3f84412ebd9df56bc214df3fbd2ef035f,call
0x89a64c31240eee15e8884667ad1877761c63afe6,0x3e84512f277a5081b9209831c51bce665035d9db,call
0x89a64c31240eee15e8884667ad1877761c63afe6,0x422f8015c5d8168edee923749701360a8a4d0703,call
0x89a64c31240eee15e8884667ad1877761c63afe6,0x750241c16c9fb878a7afd2b07b80f53e02c3f634,call
0x89a64c31240eee15e8884667ad1877761c63afe6,0xd12d8f8dfa54f1578b2177f99b2e282367b66b13,call
0x89b2191b5b8db94aae968ee30e49a8dc1459f34b,0x5df4bea3540899a33c76c4d25108f4fe2ca89044,call
0x89b2191b5b8db94aae968ee30e49a8dc1459f34b,0xa62142888aba8370742be823c1782d17a0389da1,call
0x89f9c77ef5b212018838b1a2a30b790eb467aa8f,0xf56a188f3f8d02685ab14f8a89be47df5e87af32,call
0x8a1f32676bd197e6e97945b646f2979d521ca8eb,0xa25560d083fe0ea3e303c11577b5a345b236fac7,call
0x8af677cca9bad74422876457c6325e41e848d716,0x11d0b2243739656f54c0277ed0eecde46658a537,call
0x8af677cca9bad74422876457c6325e41e848d716,0x6ddcb2d0e3a2d8a41a1517802f4bbcdd0dc48754,call
0x8afb0b1fa338cf3a909f94fd764665525f8365c0,0x0aacc0b0dbc7a496fded604e9aaf19357f1e65d0,call
0x8afb0b1fa338cf3a909f94fd764665525f8365c0,0x47cfc7a61e43d7b016c54c9c6d424b91c44d643c,call
0x8cd9f9c08c6a3f891bc570f1d6a3dc91c1f62bb0,0x73168661d8e531a8b4fe7f1e3e349778660a7f28,call
0x8cd9f9c08c6a3f891bc570f1d6a3dc91c1f62bb0,0x7f268357a8c2552623316e2562d90e642bb538e5,call
0x8cd9f9c08c6a3f891bc570f1d6a3dc91c1f62bb0,0xb8901acb165ed027e32754e0ffe830802919727f,call
0x8cd9f9c08c6a3f891bc570f1d6a3dc91c1f62bb0,0xc30141b657f4216252dc59af2e7cdb9d8792e1b0,call
0x8cd9f9c08c6a3f891bc570f1d6a3dc91c1f62bb0,0xff1f2b4adb9df6fc8eafecdcbf96a2b351680455,call
0x8e72b43a9f71141999ba4dfaf8b78fb734dd7575,0x1720d3a3984c75e6514316c5aec903651e4abe28,call
0x8e72b43a9f71141999ba4dfaf8b78fb734dd7575,0x68b3465833fb72a70ecdf485e0e4c7bd8665fc45,call
0x8e72b43a9f71141999ba4dfaf8b78fb734dd7575,0x7be8076f4ea4a4ad08075c2508e481d6c946d12b,call
0x8ed451f07d445860f9fa339dce6e83ae4383e00a,0x73e7a21d903107203cc809e7eed014d7d8cf618e,call
0x904f3873545f70ec051b7d6af9bcf739d717611b,0x7a6a322aa8d8697dc3b3acfdb1ef5c802518d62c,call
0x90af5591e6e44e6ee2b4b3993752a15ce7a315cc,0x10124ca4a4e8a5908c18abc536c6f828a7efe1ea,call
0x91109c5bfdddb24d32dd960463f65567d5fe674d,0x68b3465833fb72a70ecdf485e0e4c7bd8665fc45,call
0x93edddf175f4a1f1d042d560303df6dbdc72a1dc,0x21feda639f23647ac4066f25caaaa4fadb9eb595,call
0x93edddf175f4a1f1d042d560303df6dbdc72a1dc,0xf64bff8c799306aa5e431b052909e9ac6977a6f7,call
0x9401d9b9e9e74643d79b2f7d99e7ded4aa1a63a0,0x7a250d5630b4cf539739df2c5dacb4c659f2488d,call
0x9454145499d2d8f00b8bb263714cb9bb680f5f03,0x4c29d75cc423e8adaa3839892feb66977e295829,call
0x9454145499d2d8f00b8bb263714cb9bb680f5f03,0x5585f99a9af13b73a6210ea9c8ca98b69f4a4b31,call
0x945c84b2fdd331ed3e8e7865e830626e6cefab94,0x5a8e329b223fbab183e09fd33c44b6da4f436bbd,call
0x945c84b2fdd331ed3e8e7865e830626e6cefab94,0x94603d4a41856bccb75cc3603af19fc161a7b6b6,call
0x945c84b2fdd331ed3e8e7865e830626e6cefab94,0x9f4fd6c336388f2ab7dc7bbe4740ae7b88b880d7,call
0x945c84b2fdd331ed3e8e7865e830626e6cefab94,0xa7ca36f7273d4d38fc2aec5a454c497f86728a7a,call
0x955f2571936df323c878beca68eb0625ef2aeab2,0xdfc328c19c8de45ac0117f836646378c10e0cda3,call
0x979349dc5afd1f6f160c92c07d6cb0ffd459dcd0,0x24a7121ded3f47d90aba2a84ff1fb246a969b0b8,call
0x97c3fe8bd028f4672dac48d3375dfd2aa4884a68,0xdc6c91b569c98f9f6f74d90f9beff99fdaf4248b,call
0x98162ee6881863c8a9a78da9a134303eb931e53d,0x283af0b28c62c092c9727f1ee09c02ca627eb7f5,call
0x998aa1af01ce20936ff3184ee421c2d0d3b295ca,0x83c8f28c26bf6aaca652df1dbbe0e1b56f8baba2,call
0x9b06ffcb22773a854c0467b2c05f1b5427133be8,0x68b3465833fb72a70ecdf485e0e4c7bd8665fc45,call
0x9bc8384013620a6b20e02251cae6336bb731f715,0xa0c68c638235ee32657e8f720a23cec1bfc77c77,call
0x9bc8384013620a6b20e02251cae6336bb731f715,0xc02aaa39b223fe8d0a0e5c4f27ead9083c756cc2,call
0x9c9ab63204ce5a014369934f98a2030881c9e5c8,0x06012c8cf97bead5deae237070f9587f8e7a266d,call
0x9eb48ac7b2abbbc0f2ae289db73ba871468e2645,0xaa7427d8f17d87a28f5e1ba3adbb270badbe1011,call
0x9fcfe63108f0957aad1c6f2ed30270e8d35c6491,0x324c7ec7fb2bc61646ac2f22f6d06ab29b6c87a3,call
0x9fcfe63108f0957aad1c6f2ed30270e8d35c6491,0x7a250d5630b4cf539739df2c5dacb4c659f2488d,call
0x9fcfe63108f0957aad1c6f2ed30270e8d35c6491,0xe592427a0aece92de3edee1f18e0157c05861564,call
0xa11478933d3da37cd3a7a3753ca6884b1777621e,0xe8ae4367415ccaef40bd8c96331561aac7b8080d,call
0xa490c1b2acf686371382aa6886f008877936fb0f,0x283af0b28c62c092c9727f1ee09c02ca627eb7f5,call
0xa490c1b2acf686371382aa6886f008877936fb0f,0x722122df12d4e14e13ac3b6895a86e84145b6967,call
0xa4b9f03a9b7485dd9f0e77d109604844737e69b5,0x05215fce25902366480696f38c3093e31dbce69a,call
0xa4b9f03a9b7485dd9f0e77d109604844737e69b5,0x2a0c0dbecc7e4d658f48e01e3fa353f44050c208,call
0xa4b9f03a9b7485dd9f0e77d109604844737e69b5,0x5b8ad60798ec10ad36e52625ff881801240c491a,call
0xa5302b241f6edb8e9411bb959f142826a2a10667,0x11d0b2243739656f54c0277ed0eecde46658a537,call
0xa766c20aea829eec7672e7a9cf93bb69bcfbc00c,0x92ce1aa675e53f6c1b5097577faef8bb26e94954,call
0xa83910bd5aab94c9646d6d72293da75086fc96ee,0x2763128f58baebe3db3600f4c949d7128dc930e8,call
0xa83910bd5aab94c9646d6d72293da75086fc96ee,0x43c92b9c45f066e9696749fd08b0243461d0173a,call
0xa83910bd5aab94c9646d6d72293da75086fc96ee,0x9364910ddf6787fb8c26c0110af8f90bf503fd8f,call
0xa8b7db2017522e8cc43c91367c7dc7d297d84a08,0x2a0c0dbecc7e4d658f48e01e3fa353f44050c208,call
0xa9287d8d7fccdf6982e41508663ba2447aa17229,0x8d12a197cb00d4747a1fe03395095ce2a5cc6819,call
0xa9405926aa26d16e5bfe3b24ca905d8b4d0a6cd4,0x00000000006c3852cbef3e08e8df289169ede581,call
0xa9405926aa26d16e5bfe3b24ca905d8b4d0a6cd4,0x283af0b28c62c092c9727f1ee09c02ca627eb7f5,call
0xa9405926aa26d16e5bfe3b24ca905d8b4d0a6cd4,0xc02aaa39b223fe8d0a0e5c4f27ead9083c756cc2,call
0xa986a4995b279342765f047a36915b2461c852a0,0x4d3ddfee61326469a1b353920a313f226ea84314,call
0xa986a4995b279342765f047a36915b2461c852a0,0x87ed87a34adc1ecc62232f248d74fe1f81e5da68,call
0xa9d0704bb8660e77abf47998fb741a83bd5c66b9,0x584805f31773ad1e1fb39c6629aa852c06300453,call
0xabcded3c9bd09729c23ac5d678659cecba6a8a0a,0x1f2ca5623db46b2ecc693011eef8506e80f4328e,call
0xac58edd8235db28cc618756546894a015a6d433d,0x8d12a197cb00d4747a1fe03395095ce2a5cc6819,call
0xaef3a90a83c29ec6f0c2171b905fadc615a1dd15,0xe3c9e5b3f9cbd7a2beb01747172a87fae07e2e4a,call
0xaf9c458d2cf138eaf9311cb54809ef688e733c9e,0x1d9fe29aec8852d7a32ac26b695c258840feba15,call
0xaf9c458d2cf138eaf9311cb54809ef688e733c9e,0xc4529ea3f838a7e27a673a87bfe844a5b8b1e4e2,call
0xaf9c458d2cf138eaf9311cb54809ef688e733c9e,0xfcdd6d4f2cfb7cea900c4a57282cffcf3e41e068,call
0xb04b473418b6f09e5a1f809ae2d01f14211e03ff,0xd1ceeeeee83f8bcf3bedad437202b6154e9f5405,call
0xb07357613d2ce078b38c1165b6da3f1da078b0ef,0xbbd265bafb9b1ee8b6581bcf6435bbc2b8a210f8,call
0xb092087d92e721833092fa50779d32ce4caf5a6f,0xb27539d74b1fc04f3766c2d285c96ac3cd096cd1,call
0xb1d14a6a02fc928e4d0b8fb9b75621785cc85483,0xc5903fe72a9530e4382187f729ccc050d7e89fae,call
0xb23b1b4ee31d0b243f32ebcfeeebdf0150bfc836,0xb49ebe741e4b853f144994f0f0bb6082a1e9bb2f,call
0xb327d112a560f832765a12c72451de40af3c2be2,0x1a2a1c938ce3ec39b6d47113c7955baa9dd454f2,call
0xb327d112a560f832765a12c72451de40af3c2be2,0xc02aaa39b223fe8d0a0e5c4f27ead9083c756cc2,call
0xb412b96dbe138da98be8e475f632e1a8f0037748,0x2b2e8cda09bba9660dca5cb6233787738ad68329,call
0xb4f2930ecbab1a07ac21300141153a21a490eb2e,0x10124ca4a4e8a5908c18abc536c6f828a7efe1ea,call
0xb50cdea200bb55b7d4bcfd3d280a12b37da44ce2,0x048717ea892f23fb0126f00640e2b18072efd9d2,call
0xb50cdea200bb55b7d4bcfd3d280a12b37da44ce2,0x48ca90ef9eeda382ef9a67c100923d4017f15836,call
0xb50cdea200bb55b7d4bcfd3d280a12b37da44ce2,0x66bb787d5ae1e6d9bcfcffdceec9becc24d19c1e,call
0xb50cdea200bb55b7d4bcfd3d280a12b37da44ce2,0xbb5ed1edeb5149af3ab43ea9c7a6963b3c1374f7,call
0xb50cdea200bb55b7d4bcfd3d280a12b37da44ce2,0xc3c94e2d9a33ab18d5578bd63dfdaa3e0ea74a49,call
0xb50cdea200bb55b7d4bcfd3d280a12b37da44ce2,0xc5559887f94ea5c406b3f6d582dc738c4cf0eace,call
0xb50cdea200bb55b7d4bcfd3d280a12b37da44ce2,0xdc87b2948b51fefa9ff1bf7aa2e56852fee94ffe,call
0xb5847c8eb3f132f5f7140862702b3365bf59f243,0x761b39d1334576fb4d39a4f9445c766d74fa336a,call
0xb5847c8eb3f132f5f7140862702b3365bf59f243,0x85b965eb4cf0b7c58e6d00e181fa179102f01e2c,call
0xb59bb61ccb72694a0481517b7af3da7ec66a95ad,0x4c29d75cc423e8adaa3839892feb66977e295829,call
0xb59bb61ccb72694a0481517b7af3da7ec66a95ad,0xbb91f46a756af34bb987cc9bb5501de726f0d0ad,call
0xb59bb61ccb72694a0481517b7af3da7ec66a95ad,0xc19f1ea24599d6434e7dd64a96f2faac20efb936,call
0xb7477e3664bef964779a8624b7672979592d52d2,0x54d17484d0db8cd36bb68c97f8ab52e0438ac413,call
0xb7477e3664bef964779a8624b7672979592d52d2,0xd1ceeeeee83f8bcf3bedad437202b6154e9f5405,call
0xb808fdb7aeba0694f14d2d494d398d5ac4ced3fc,0x1818409ff612a6d574ca979904396bb4b8ea6d51,call
0xb8b47e70dd5046882cb32152796ac63ab40cc596,0x8d12a197cb00d4747a1fe03395095ce2a5cc6819,call
0xb8b47e70dd5046882cb32152796ac63ab40cc596,0xace62f87abe9f4ee9fd6e115d91548df24ca0943,call
0xb8b47e70dd5046882cb32152796ac63ab40cc596,0xb56d622ddf60ec532b5f43b4ff9b0e7b1ff92db3,call
0xb8b47e70dd5046882cb32152796ac63ab40cc596,0xd42433a8a0a1ceb73c8ff4e432463e2ee109039d,call
0xb8b47e70dd5046882cb32152796ac63ab40cc596,0xe23975b19a40353cd7046e334470552e7904a3d4,call
0xb8b47e70dd5046882cb32152796ac63ab40cc596,0xe92065d8bb2392121a8fbe6a81e79782fbc89dd4,call
0xb98fde3d53c4567d00d7afb9061f0c3259932ad9,0x2cfc06b1ec0735bd7ef00b211764cc7e06e9456a,call
0xbb074b2d1d0f900db2cf12847cd4463d78985bd2,0x5fc4cf136a39a28ac4a83bc064f72e5ab8f32033,call
0xbb074b2d1d0f900db2cf12847cd4463d78985bd2,0x6430d5db3882cc684b3eb1074c8715c825f4487e,call
0xbe2775f4ecbb17083207ca5195f84b8803d5b78e,0x237d43f6218c4e5680119c0be95aaa6e19f50528,call
0xbe2775f4ecbb17083207ca5195f84b8803d5b78e,0x410cac201ffc0e0e4c179d926076d25bf8bc5b92,call
0xbe2775f4ecbb17083207ca5195f84b8803d5b78e,0x685f1d93d7dae1f9843a478b90b1701e5d7ebbae,call
0xbe2775f4ecbb17083207ca5195f84b8803d5b78e,0x8f8738bb17bf9f0251389bcec6fec4a9cb4f49b3,call
0xbe2775f4ecbb17083207ca5195f84b8803d5b78e,0x94cac9b8a8e597e5a934b91c0e5a06fe863bde13,call
0xbe2775f4ecbb17083207ca5195f84b8803d5b78e,0xd2adaf0260581824b2b93f6a51862e33852f1d31,call
0xbfd988e2c8ec5ed5c0a5083c7da23dd558b1f244,0x8189eb9370ceee0b98d83cc9bd152f98991122e3,call
0xc10b2c8210b82b3db196abcf340161baefd0965d,0x2012e4d6f782a201ebc668da3c8bb479e28910c2,call
0xc10b2c8210b82b3db196abcf340161baefd0965d,0x79cecd9798ff404d84273aa3e01c286f2c89fb12,call
0xc114f48b3f9828e68bf253f0b9cfb713fc54eb44,0x5f742383b6d1298980030d6af943b76cdd902143,call
0xc114f48b3f9828e68bf253f0b9cfb713fc54eb44,0xb1690c08e213a35ed9bab7b318de14420fb57d8c,call
0xc1a5ef46147ea575372b357e7ab9d98d1d10aafe,0x68b3465833fb72a70ecdf485e0e4c7bd8665fc45,call
0xc2d082f35b6c1688ffcc17c3bae0792c59a9cd11,0xa1c1fd0a21b2e43a61ce0d3f6a0195ef1e24b68f,call
0xc35b7bcb8b0061a6ccaad10dcddf98be2281a158,0xdbd6c507500c4fc410e5c3c0c7259b9f18327129,call
0xc4126a64c546677146ffb3f3d5a6f6d5a2f94df1,0x09cabec1ead1c0ba254b09efb3ee13841712be14,call
0xc4126a64c546677146ffb3f3d5a6f6d5a2f94df1,0x2c4bd064b998838076fa341a83d007fc2fa50957,call
0xc4edd0509cf9c4105b7c18906e493ae2b2645537,0xa33c4a314faa9684eeffa6ba334688001ea99bbc,call
0xc5c568989ebc09e862b5b6f7198a00c77ec50905,0x43aa26d63e1b245e940ffdf8e394a229069639df,call
0xc5d3d267187de183420adf4f8aa997dad97ba533,0xdbd6c507500c4fc410e5c3c0c7259b9f18327129,call
0xc689d429a857cea2663416a7c048f54e0ab829a4,0xccbc235ef019ef4d1e23e9e22fb194d7857aa44c,call
0xc689d429a857cea2663416a7c048f54e0ab829a4,0xd8afdb3dec02b6e2e127e138232a5ed281297e2c,call
0xc6bcb758155c2204c2ed89efbd0505e064242f09,0x2763128f58baebe3db3600f4c949d7128dc930e8,call
0xc6bcb758155c2204c2ed89efbd0505e064242f09,0x84648da66aca2cb2b7a6e09e706fdeaa57c54ccf,call
0xc8a17cee29b0be6929275f275b6691289baf124e,0x179c296c053a2d21351c8003268930570fe178c0,call
0xc8a17cee29b0be6929275f275b6691289baf124e,0xbac691c0a26140e4266d8b53d7f6cf5f4689e1c1,call
0xca480612e0e4125169a2eb3fca56cbf754185795,0xe9428d4a341ac20e9f2e6b95b12c9ad52733fcd9,call
0xcd342972e9721c0de0adaa4cf223ec93294effac,0xbb9bc244d798123fde783fcc1c72d3bb8c189413,call
0xcd342972e9721c0de0adaa4cf223ec93294effac,0xe94327d07fc17907b4db788e5adf2ed424addff6,call
0xcd92d9db6599ab392b94b055903ca16af7cb9e6f,0x090b565db171d68dae174ca0f88b203dd51dbaf2,call
0xcd92d9db6599ab392b94b055903ca16af7cb9e6f,0x38ff96eec0a5d05fcfcb646f4019fb093d0831b4,call
0xcd92d9db6599ab392b94b055903ca16af7cb9e6f,0xa5fd9078ab76f6f56b5f69435f0f008e5a7bddc7,call
0xcf443872974e00d80ddb0e6a1e8b4477eba64b8b,0x4e646a576917a6a47d5b0896c3e207693870869d,call
0xcf443872974e00d80ddb0e6a1e8b4477eba64b8b,0x68c5b928f385e2e978c935086837363391a8d053,call
0xd0164579de0333c640447d250976cd466330b10b,0x10124ca4a4e8a5908c18abc536c6f828a7efe1ea,call
0xd1e88e048fc8f8ba954f1dbb260c811c0793c67b,0x1e6dbfae0a38abf4795c34540a347b8ecbecc3d8,call
0xd1e88e048fc8f8ba954f1dbb260c811c0793c67b,0x23533985559ffaa8dd713de9088df168cbab80d5,call
0xd32c4014c2ca2e15d125c78f341015f9c64e99ed,0x13b9d394dadfe0626a02ef023433914ba2ae08fb,call
0xd32c4014c2ca2e15d125c78f341015f9c64e99ed,0x879e3f6a4c74ba61daeb553d40e48617bd3f63a9,call
0xd380e397285c43631d85805d91c7e2bffa0cdffc,0xa62142888aba8370742be823c1782d17a0389da1,call
0xd4e4bf9cd82d7f9fc589d4b288174ce1edfae2b6,0x294308484f47ff5a833a284ac6949eb02728fbe4,call
0xd4e4bf9cd82d7f9fc589d4b288174ce1edfae2b6,0xaa1a6e3e6ef20068f7f8d8c835d2d22fd5116444,call
0xd4e4bf9cd82d7f9fc589d4b288174ce1edfae2b6,0xfd2dfa00ba5941958eaec567e59b42c2aa9dbf70,call
0xd58d5d7657e86007f201654a6144889671bcca2e,0x21feda639f23647ac4066f25caaaa4fadb9eb595,call
0xd58d5d7657e86007f201654a6144889671bcca2e,0xe4ceb5a09d7c38d91587716c6f3e27e3f83f13bd,call
0xd7abd9d82fa7b9d25ae2f0bad3a2c9809dc9c422,0x57b116da40f21f91aec57329ecb763d29c1b2355,call
0xd7abd9d82fa7b9d25ae2f0bad3a2c9809dc9c422,0xfc971429218b7d11ed63093971712ed504e9ce87,call
0xd87726b3b3fb02bc68c81331b339d1053ee32cb7,0x06012c8cf97bead5deae237070f9587f8e7a266d,call
0xd87726b3b3fb02bc68c81331b339d1053ee32cb7,0x096be08d7d1caeea6583eab6b75a0f5eaab012a5,call
0xd87726b3b3fb02bc68c81331b339d1053ee32cb7,0x1736ac66fe33030fe27805af041789ec2fde9925,call
0xd8fa9c65623129fa4abaf44b7e21655d1ef835ce,0x05bc1d3454405d4767960efeb3cec216a0dd15f3,call
0xd8fa9c65623129fa4abaf44b7e21655d1ef835ce,0x27f8493696a224c40af66b745062c77e2b474671,call
0xd8fa9c65623129fa4abaf44b7e21655d1ef835ce,0x40d612fe5ebef1a539e5b4a6bfcab8d09aee223f,call
0xd8fa9c65623129fa4abaf44b7e21655d1ef835ce,0x6e3990c89bd13397f3c080500805863275cc85ec,call
0xd8fa9c65623129fa4abaf44b7e21655d1ef835ce,0x7dd53b240919a4936992eaaaa6a59c97976a4a87,call
0xd8fa9c65623129fa4abaf44b7e21655d1ef835ce,0xd35be56e4ed6818d09e6f95b9c744c4607fda453,call
0xd8fa9c65623129fa4abaf44b7e21655d1ef835ce,0xf06ab3e6a33f805cf7cb448db82c8cd9c109a862,call
0xd93ce0a83abc5e3f0a75b51e87ab5da2ee0caeae,0xac94e023ac15507d74c3016cda7479a198703d61,call
0xd93ce0a83abc5e3f0a75b51e87ab5da2ee0caeae,0xcaf1550ac3f8751b948c8624177a2b2c7aae515f,call
0xd93ce0a83abc5e3f0a75b51e87ab5da2ee0caeae,0xe98864eda3dc3683fc944f26b41986837dede011,call
0xd9568b38482225d63f141cd28c2681c983558313,0x4a8d3a662e0fd6a8bd39ed0f91e4c1b729c81a38,call
0xd9568b38482225d63f141cd28c2681c983558313,0xb29067408d996460f96252f6e68ca57d784e4fb4,call
0xdacffc7d8fce83b442aedc85f132d12609be33d3,0xa7a6e9f4249f564f2bc46a2a73f09aca8c957efb,call
0xdad1e56c8f762233eb8035ae58b2463ca27a3a2b,0xd1a3b231e2b10ea2128967b094af71ddf7958c94,call
0xdafa91f034c8c38b9f4b5c7b2350c1a22b45159d,0xa94823f6ad574cc0e905950355310ad0426f884e,call
0xdafa91f034c8c38b9f4b5c7b2350c1a22b45159d,0xd43d09ec1bc5e57c8f3d0c64020d403b04c7f783,call
0xdb0cbfcfaf28c295aa8bd6d2c03ca4cddc133b56,0x43aa26d63e1b245e940ffdf8e394a229069639df,call
0xdc78e37377eb0493cb41bd1900a541626fdc2f02,0x13b6be927937bf0f95b8184f435bd9b479d4669e,call
0xdc78e37377eb0493cb41bd1900a541626fdc2f02,0x3448adda11ea5d8919bb8a9541d941e9046f5d99,call
0xdc78e37377eb0493cb41bd1900a541626fdc2f02,0x68b3465833fb72a70ecdf485e0e4c7bd8665fc45,call
0xdc78e37377eb0493cb41bd1900a541626fdc2f02,0x98f0485cdd22710a9a923e616567eadfe62e258e,call
0xdc78e37377eb0493cb41bd1900a541626fdc2f02,0xb8901acb165ed027e32754e0ffe830802919727f,call
0xdc78e37377eb0493cb41bd1900a541626fdc2f02,0xe3dc9abca6360a01e09a9f4194c4fe767d3e6186,call
0xdc78e37377eb0493cb41bd1900a541626fdc2f02,0xe592427a0aece92de3edee1f18e0157c05861564,call
0xdf253fed692f1f33c21d9d9d038de0bac09363e3,0x05984006707585f66465e8a6505341f46b64fa7a,call
0xe04c3f91b0c00a4f077cb03c186c0754a92ca4cc,0xa2d4035389aae620e36bd828144b2015564c2702,call
0xe0da8ed5b7b775b5fdf285131646fe2f54ef0005,0x9757f2d2b135150bbeb65308d4a91804107cd8d6,call
0xe20df59ecc01ee28e3e794d64f37c6961bae495c,0x9e4ad79049282f942c1b4c9b418f0357a0637017,call
0xe20df59ecc01ee28e3e794d64f37c6961bae495c,0xd9e1ce17f2641f24ae83637ab66a2cca9c378b9f,call
0xe2918fdb252f7044d1d7fd0b2ccec5377525cb17,0x767b8c6fb76db2e2a547819ba7afd2006d3de6b2,call
0xe2b0773a67dfd026b04ea9a6c028c549364fe791,0x10124ca4a4e8a5908c18abc536c6f828a7efe1ea,call
0xe33a957989a693f7eef242e994f3d4a829250625,0x29880855d419c6fa0e8c7fdfd985c80f286d914e,call
0xe33a957989a693f7eef242e994f3d4a829250625,0x2992cfef496b9080b303cc4ac6ba114126253ff7,call
0xe33a957989a693f7eef242e994f3d4a829250625,0x89dd662cc0651a6f3631a617724525f2ff373b1e,call
0xe33a957989a693f7eef242e994f3d4a829250625,0xa94c2707e233e5d63f46011a4a158cd2452d1d86,call
0xe33a957989a693f7eef242e994f3d4a829250625,0xb3dc5cb6b232c7ae63ef4f2d9076a4452a8c58b8,call
0xe33a957989a693f7eef242e994f3d4a829250625,0xc825aa83f12e4d225ea1f21511a68e7aa78a002f,call
0xe378f04f96fc532fa3345bb3d10696b9d00cb8a0,0x0a60c803b23cee13b824bde33ebc89a3eb9287c9,call
0xe378f04f96fc532fa3345bb3d10696b9d00cb8a0,0xeb06ae75e64f08a7618f0d5a8ad80f164a32060f,call
0xe3f061d9724f0daacaada6438b32e7492f2bf251,0x283af0b28c62c092c9727f1ee09c02ca627eb7f5,call
0xe49f2b735d01ecd464b0a864e2e4d47c22630aaf,0x06012c8cf97bead5deae237070f9587f8e7a266d,call
0xe49f2b735d01ecd464b0a864e2e4d47c22630aaf,0xb1690c08e213a35ed9bab7b318de14420fb57d8c,call
0xe49f2b735d01ecd464b0a864e2e4d47c22630aaf,0xfe441b0b26178fa030547bf8e98f855a5dd3ac82,call
0xe66aa5b72ff62a31b22625341dbd70905f04d2c3,0x14497679547acfd9e7fe140fabefe77f9161f882,call
0xe66aa5b72ff62a31b22625341dbd70905f04d2c3,0xac43300f2d0c345b716f36853eceb497576e0f67,call
0xe66b15388bdbeb52c9655bfb2b259095b9a9296e,0xa33c4a314faa9684eeffa6ba334688001ea99bbc,call
0xe68fc89a36ecfc592ee7f4aef299877ffacaeaec,0x47ce0c6ed5b0ce3d3a51fdb1c52dc66a7c3c2936,call
0xe74005970f3f2c0073bca79336a9d5c73f957a49,0xd9d4a84daea75acae7a682ce66f599fb5402bb94,call
0xe81dcf78401248d2bed154625b2066ca1f004a90,0x555eedd21fbef9789ad25a531e342df0d020d98d,call
0xe8b0109e7c758645af9c5ecef9622d647d6fe21d,0x3e84512f277a5081b9209831c51bce665035d9db,call
0xe8b0109e7c758645af9c5ecef9622d647d6fe21d,0x422f8015c5d8168edee923749701360a8a4d0703,call
0xe8b0109e7c758645af9c5ecef9622d647d6fe21d,0xaf30d2a7e90d7dc361c8c4585e9bb7d2f6f15bc7,call
0xe8dd6d6574fffc92771c298804e8d3b4f3290114,0xf81c64c864d87ec0e6d0455b59a7b4aa87bcdc81,call
0xe995359ee0f8e7e8ca26a035502606bf72213417,0x7be8076f4ea4a4ad08075c2508e481d6c946d12b,call
0xe995359ee0f8e7e8ca26a035502606bf72213417,0xc02aaa39b223fe8d0a0e5c4f27ead9083c756cc2,call
0xe995359ee0f8e7e8ca26a035502606bf72213417,0xe592427a0aece92de3edee1f18e0157c05861564,call
0xea996d31226fda92b599b0e0f3f0cf7d11139030,0x43aa26d63e1b245e940ffdf8e394a229069639df,call
0xec31176d4df0509115abc8065a8a3f8275aaff2b,0x150f94b44927f078737562f0fcf3c95c01cc2376,call
0xec31176d4df0509115abc8065a8a3f8275aaff2b,0x68b3465833fb72a70ecdf485e0e4c7bd8665fc45,call
0xec31176d4df0509115abc8065a8a3f8275aaff2b,0x8731d54e9d02c286767d56ac03e8037c07e01e98,call
0xed081ea02ca571e61309f163226abe4a4685684d,0x2a131d68ab643bed396c8ed03876587a1643724c,call
0xed5c28a9af5fb21b14b08236af432e6d6a9d8a39,0x818e6fecd516ecc3849daf6845e3ec868087b755,call
0xed754efae4a17f7eb6b9a34abbfe0f9234af57e4,0x6eb89b30c7d97dc1171f0614fc885f936ea25c64,call
0xeda42c6984de637cc5b903f5bedb025a81fcd1e5,0xbcf935d206ca32929e1b887a07ed240f0d8ccd22,call
0xf0ea986524d692f920631978feaf1a642a242a95,0x030ba42b1405af69d38b9c6f7d71cd83040ed11a,call
0xf0ea986524d692f920631978feaf1a642a242a95,0x9ae1d7f420c4db238a0c2ed2f8fdbde527f1526a,call
0xf115359ccd7f229eef77b4874543ea1f175d070a,0x2cfc06b1ec0735bd7ef00b211764cc7e06e9456a,call
0xf13ecd2c3b4e7c360ec996197699c8ea8e8f903c,0xe592427a0aece92de3edee1f18e0157c05861564,call
0xf189bda172ddc4b6250b8c2cfbc174af18d3ad29,0xc36442b4a4522e871399cd717abdd847ab11fe88,call
0xf23d5dcccb32f1f694b76054f1a42415deb6d184,0x0f14260bbe72e0992377ece7bc8baf2e8be320b8,call
0xf23d5dcccb32f1f694b76054f1a42415deb6d184,0x66656bff674879b76ccd561f61fc716e54aa6668,call
0xf6310b07f0c7e5fd142b648d448ee75d4fbf82b7,0xd569d3cce55b71a8a3f3c418c329a66e5f714431,call
0xf6310b07f0c7e5fd142b648d448ee75d4fbf82b7,0xd9e1ce17f2641f24ae83637ab66a2cca9c378b9f,call
0xf6a1f4e556d118e24192c2107500a35c9a2c43ad,0x301980e0b9f7352ccba1167cde48c5494dc85756,call
0xf6a1f4e556d118e24192c2107500a35c9a2c43ad,0x31456849348d4231fcf9b8f66bedffaf0d1c4e99,call
0xf6a1f4e556d118e24192c2107500a35c9a2c43ad,0x4f924bee428ab4e14fa360133461bb22e8b28507,call
0xf6a1f4e556d118e24192c2107500a35c9a2c43ad,0x60268bb991b92a9835e85a651d44adf21e485c9a,call
0xf6a1f4e556d118e24192c2107500a35c9a2c43ad,0x9e89760ac2f33ba684f494742af312801e75064c,call
0xf6a1f4e556d118e24192c2107500a35c9a2c43ad,0xa43aa332c29b25b15d7aa91ff79e3603f2393509,call
0xf6a1f4e556d118e24192c2107500a35c9a2c43ad,0xb11a0547f14d6a45fc4ec9a05ae6b12ae7ac777a,call
0xf6a9b2dc5a14613b79f34e715bc58729b9c9ab01,0x0cffb692aa8b94704bc36d03bbb967c11d6c18d6,call
0xf6a9b2dc5a14613b79f34e715bc58729b9c9ab01,0x9214ec02cb71cba0ada6896b8da260736a67ab10,call
0xf7375812cf5b5bb76d32572a5313092bdf583bca,0x554bb05483601093bf2e60a3492f4e5438e0c6a7,call
0xf78c208e3578be35bc1f5468cd2559d70a0b72f0,0x43aa26d63e1b245e940ffdf8e394a229069639df,call
0xf9172446f3b6f0d027ef8f0a7fafa117ff5439c2,0x375ea781c49eafedde07afe6196f885761f166ae,call
0xf930a6eb06423ec4d5131bee8c62c3891db6ff00,0xf51d7266f84aa3d1609e63e4480168174f74d1a2,call
0xf975d98bd0a21435c6c764beca1eeb1c1c656a2b,0x048717ea892f23fb0126f00640e2b18072efd9d2,call
0xf975d98bd0a21435c6c764beca1eeb1c1c656a2b,0x06012c8cf97bead5deae237070f9587f8e7a266d,call
0xf975d98bd0a21435c6c764beca1eeb1c1c656a2b,0xfe794fb10423b072ebe89acca652250b8105adfc,call
0xfb026b6b46abbe86830e12104f032e60d9d0bc96,0x00000000006c3852cbef3e08e8df289169ede581,call
0xfb026b6b46abbe86830e12104f032e60d9d0bc96,0x52ec2f3d7c5977a8e558c8d9c6000b615098e8fc,call
0xfbfbc303356a7c9fe931d512e19cee848a979aac,0x52de8d3febd3a06d3c627f59d56e6892b80dcf12,call
0xfbfbc303356a7c9fe931d512e19cee848a979aac,0x6b62f10b1d042d3ed601899ca25f80f9dbc92644,call
0xfbfbc303356a7c9fe931d512e19cee848a979aac,0xa0c68c638235ee32657e8f720a23cec1bfc77c77,call
0xfd5fe377374a348856580f5a11beaba5f4a5dc49,0x10124ca4a4e8a5908c18abc536c6f828a7efe1ea,call
0xfdabfbab5e12829a4ef3a87903d211e36af2ea78,0x1111111254fb6c44bac0bed2854e76f90643097d,call
0xfdabfbab5e12829a4ef3a87903d211e36af2ea78,0xbab3c295f7889a3068d4bea9985b838375ca31ec,call
0xfdabfbab5e12829a4ef3a87903d211e36af2ea78,0xdef1c0ded9bec7f1a1670819833240f027b25eff,call
0xff136db16c47fc2e29ad62bdb9fc3f33532dcbe6,0x4dbd4fc535ac27206064b68ffcf827b0a60bab3f,call
0xffefadf5afa3274a8f90360d4a2b9e59516aff8c,0x1d968ef5f8b3d53fbe2980590e94c8901a8421a1,call
0xffefadf5afa3274a8f90360d4a2b9e59516aff8c,0x2a0c0dbecc7e4d658f48e01e3fa353f44050c208,call
0xffefadf5afa3274a8f90360d4a2b9e59516aff8c,0x421b74c4ffd445b5a7f45748c876ea0622ad06d7,call
0xffefadf5afa3274a8f90360d4a2b9e59516aff8c,0x8139cc3915729174b509083c1e12ff32a60bfa10,call
0xffefadf5afa3274a8f90360d4a2b9e59516aff8c,0xbe2530028229198d2c383f2d3fb9f40ebf24deed,call
