0x0000006e44274a26b471a6939965550ac8b8131e,0x0644a20f936363379f48ed4550c2ba0900699828,create
0x0000006e44274a26b471a6939965550ac8b8131e,0x0af6314827e0ef9cc54db654a642451248494370,create
0x0000006e44274a26b471a6939965550ac8b8131e,0xcad41f669d2f76871bf7eb847b3e464f228f39f8,create
0x000000db184c127f4ed48be7cbc3d75edfa5acfc,0xd0ecba75e5ef3e08950a4f6608565147ca872ff1,create
0x0025b6528b858db284761cd41be356f579fdc7cd,0xd1fe35631fae95d655342e2de2e08c4e1affebfb,create
0x0071b5966ca25dda3a028e7d2010e1e69822bab8,0xa6ca526c71759b98827489325bfcfdb7b91732f1,create
0x0071b5966ca25dda3a028e7d2010e1e69822bab8,0xc45d1dc345e0fee9f15edb1348a40022ba1d3021,create
0x007e85ff4d8fc8109a0bd8aa651825297480167e,0x1b1c789fccdfc6a7b1fef651a1464043f0a38ada,create
0x007e85ff4d8fc8109a0bd8aa651825297480167e,0xdda88ded4ea29db8400d84750af6b54a511cd612,create
0x007e85ff4d8fc8109a0bd8aa651825297480167e,0xffc80f7403ff8c1aee200ad110fe0fa28d213445,create
0x008bea2b46c768fd005a630149d7fc0014e9249e,0x954a36b1c1e5e42f884c4f7aa9522e6fd21b11c3,create
0x00b1431750b159a67fff0b59dddba8fd8831ba10,0xae4fdf5a72c81e9c8b1b05e92764f26c8fe97b00,create
0x00b1431750b159a67fff0b59dddba8fd8831ba10,0xc760d0e3189c5dca03b2fbab297658e547204001,create
0x0286cff84c1623eb3b6d70ea874714e512421da4,0x001e403599353dc9fc74a6ebb7775dc8ee4d84ae,create
0x0286cff84c1623eb3b6d70ea874714e512421da4,0x18592e337d3d72a98fe3ca156b1f41733efd4f22,create
0x0286cff84c1623eb3b6d70ea874714e512421da4,0x208fab263a58075629f77ebcfa40ae3b4a8199aa,create
0x0286cff84c1623eb3b6d70ea874714e512421da4,0x4d17dfcede33141ec62c7a5bd25ca23edac669cd,create
0x033b2a009055db86773defa90fbae679c826001b,0x3db9f293b2e992f8c339a543561a615559c375dd,create
0x033b2a009055db86773defa90fbae679c826001b,0x84208c0bf895352ab781edc52b40265bd8c56dd4,create
0x033b2a009055db86773defa90fbae679c826001b,0xb5319c642453bdea3833751cfed07caa9103678a,create
0x03716b2d50ea54921a650be124828a7328bc4d63,0x3cbfd8955bda6140486bae09026df60184adc899,create
0x03716b2d50ea54921a650be124828a7328bc4d63,0x6b3baa2d7f7e6c66092151cf53385e51d530ff52,create
0x03716b2d50ea54921a650be124828a7328bc4d63,0x8d21398fee362a466c0ae99da91b6831a585a0df,create
0x03716b2d50ea54921a650be124828a7328bc4d63,0xbf0018706a14f2b574b3d0302f653919a368358c,create
0x0533cfa60e8645e1a153296a6f3aa8a80d076cd8,0x6d9ad30d8d20b13e668c6410e91deb93c4d4a140,create
0x0533cfa60e8645e1a153296a6f3aa8a80d076cd8,0xf246d1c8aa738a9d4a66fa84748c22a74395ec0a,create
0x05ecc7cc1484de98bc894e3b587c5b52ee7ca333,0x3e6c165ddcaa5853722edef730d254796827db21,create
0x05ecc7cc1484de98bc894e3b587c5b52ee7ca333,0x99f935d411880dde551a2f5e4001c8114a5db896,create
0x088430ad556235b7ab4263173778381987c04152,0x4292abd10740eaf4b12514d9b5ff2edfdd728772,create
0x088430ad556235b7ab4263173778381987c04152,0x5d274cf7f8cd2870337a8170d526ea7d176fd8f3,create
0x088430ad556235b7ab4263173778381987c04152,0xbbb92f3a89d639d3933c142124e2cb34b299dfbc,create
0x092a5172f796d4c3cd0e03520134317fc25b74f6,0x88c1f5bb6b47b0e8efc85655e247558701c20c77,create
0x0aaa02bf8ec54649c6d493747e77f5c4290194c5,0x06edeacddb65a4ff63a85ff76ed417cfc502b42d,create
0x0aaa02bf8ec54649c6d493747e77f5c4290194c5,0x2091a5429f39c7761b53658c03a7ed180f9981a7,create
0x0aaa02bf8ec54649c6d493747e77f5c4290194c5,0x4e5391d48c4dae13af02e311b6d4ec31b30ae43b,create
0x0aaa02bf8ec54649c6d493747e77f5c4290194c5,0x50f4443f9d2f0a1b2712ea8613afd502dc124cd0,create
0x0b00050ad0d30d9cc748be9e616b376939007928,0x087f6d7fb3b3777e151cc800ed2d33d612c3b137,create
0x0b00050ad0d30d9cc748be9e616b376939007928,0x140b823001e9759280bcb2658fc28f888f0a97dc,create
0x0b00050ad0d30d9cc748be9e616b376939007928,0x200eb8e66df8557ad176967eab5d399923a3ec54,create
0x0b00050ad0d30d9cc748be9e616b376939007928,0x461717a90478dd7bd18329b021c86caf41810f7a,create
0x0b00050ad0d30d9cc748be9e616b376939007928,0x539e67a4a1254b9a770678870c08942614075250,create
0x0b00050ad0d30d9cc748be9e616b376939007928,0x680a09ec5a6a33c8cdf7e8b37e8d8472d6988eb9,create
0x0b00050ad0d30d9cc748be9e616b376939007928,0x6d39c349983248912f311d68126d85e9b9681d00,create
0x0b00050ad0d30d9cc748be9e616b376939007928,0x71ffddaddd1e212d29948511d468de7ddd3a618a,create
0x0b00050ad0d30d9cc748be9e616b376939007928,0x76473c0ab8b02b0a4b541f3bdd1f42c4b5dd99c5,create
0x0b00050ad0d30d9cc748be9e616b376939007928,0xa0a81fd6ddd10068ec8c174238888c74ee710386,create
0x0b00050ad0d30d9cc748be9e616b376939007928,0xaa21c991b3172f9c1fa9e76399fcdde237fd13f0,create
0x0b00050ad0d30d9cc748be9e616b376939007928,0xab242a0e92865e9c757096e7239f8fceb5b6dc60,create
0x0b00050ad0d30d9cc748be9e616b376939007928,0xbe750ee5493be64a1dd973e1f3f3db30d78e2b00,create
0x0b00050ad0d30d9cc748be9e616b376939007928,0xc7c40ad438a86d4bdea1f013a1ed8eefa357fbc1,create
0x0b00050ad0d30d9cc748be9e616b376939007928,0xed8e3ab11371b9597ba4693bb107b09a4f4738b5,create
0x0b00050ad0d30d9cc748be9e616b376939007928,0xf33e7a9affcbb9316d4f73593b43887b5d5de8b3,create
0x0b00050ad0d30d9cc748be9e616b376939007928,0xfaf5c17a22026dc81d3b93d3c32510b23bb407ff,create
0x0b530140e8875c56ad8a3723c74ee74a74fa0f99,0xc5c5aa3f03523c3e5442cd6bc41076cb194e4d11,create
0x0c26a6dbf6b285145ca4f64397a521f8b5e49a79,0x0e3aff8902fdc662fc5d41187f95c67dc95770a8,create
0x0c26a6dbf6b285145ca4f64397a521f8b5e49a79,0x131efcefad997f6dc2b3a73a645b31e62545bd40,create
0x0c26a6dbf6b285145ca4f64397a521f8b5e49a79,0x185ee1a2379e83506f3df5cb996d0c068c81195f,create
0x0c26a6dbf6b285145ca4f64397a521f8b5e49a79,0x22f913090714c634bda76b25208ba708e3b87782,create
0x0c26a6dbf6b285145ca4f64397a521f8b5e49a79,0x4828614bcfc78b209c396152a039541ba0b15fc9,create
0x0c26a6dbf6b285145ca4f64397a521f8b5e49a79,0x9d527c0aedb2702ec1b394fa46dd2d3653b09808,create
0x0c26a6dbf6b285145ca4f64397a521f8b5e49a79,0x9e3f0fc2a9ea1ec8d9e51a7a34c20b777021b030,create
0x0c26a6dbf6b285145ca4f64397a521f8b5e49a79,0xadc1ad3fcef1e13d107f47ff5f06db7307f31b42,create
0x0c9904b9270d93a61a146582d706bd5e15ede5de,0x0cc5a2e7d936864d43ed57229e46f3e737b68ea5,create
0x0c9904b9270d93a61a146582d706bd5e15ede5de,0x165fb44fb0b647931ceffbfbe583e9e295465c2e,create
0x0c9904b9270d93a61a146582d706bd5e15ede5de,0x8c0a728946f356ae8338edfdf2d048129a0e2e7a,create
0x0cc278edcf5b265c75978f5bbece8340e2e7c115,0x3f73d7a6fc0f57cceeb5c064896c7ff6bc468ded,create
0x0cc278edcf5b265c75978f5bbece8340e2e7c115,0x4019d00d2f94ac770856ca4dacf73291060b053e,create
0x0dc35fc93101325a824c83be1a3c1f3dbffce185,0x0b8ee4387fb603424e070688a1337e56369f7184,create
0x0dc6d3f077b82ec1f5c08ff2805397292ef9871f,0x11d0b2243739656f54c0277ed0eecde46658a537,create
0x0dc6d3f077b82ec1f5c08ff2805397292ef9871f,0x3aeca7de4691707a25f252f3b452f1b1db6b17e0,create
0x0e9a53eed37e362d3209a1bc0d342d4d7a2a17a6,0x80dc0221c35919afbea3bcfc7624869206345143,create
0x111111eb82e4f31ca976185a6597a06d36c85093,0xbaa3de6504690efb064420d89e871c27065cdd52,create
0x123456b880cc19ac14c56bed91782ee4ffabb0de,0x54f234b814a9114436e5a79e59b2a85a51a47983,create
0x123456b880cc19ac14c56bed91782ee4ffabb0de,0x5ef741a65b657a559e2d108957559c68e38a45e1,create
0x123456b880cc19ac14c56bed91782ee4ffabb0de,0xd2707cea59e2914bfc200d6188233309a6aece02,create
0x125244b5700dee9c20259282701d305873fde7f8,0x21c6d20f8b8e7fdf49afce3d73b42df371d1ffe5,create
0x125244b5700dee9c20259282701d305873fde7f8,0xd17717b79d3a9f68ba15e8735e540a33145c8df8,create
0x125244b5700dee9c20259282701d305873fde7f8,0xd31d5130ef81bb8e07644eac5394b391c87f79a6,create
0x125244b5700dee9c20259282701d305873fde7f8,0xe342e78e9c4bdf13a20f52ee2ae7d09dd4e63719,create
0x125244b5700dee9c20259282701d305873fde7f8,0xecf50b59cfb5b9914c4e49fefcb9cc7423dea049,create
0x125d657d5cd16bf4864a2850d3f2541d9a0f3b50,0xa78deba860b7838b8b6d542c7958956b57933408,create
0x125d657d5cd16bf4864a2850d3f2541d9a0f3b50,0xff7233727bd9c02c532d67e1566d928a975a7f05,create
0x15b2f64191e3c34fadf40a4440f546669205747a,0x602a69ac7e6cb699c5647b9cddec5c58a4e37813,create
0x15b2f64191e3c34fadf40a4440f546669205747a,0x6600abea743800b0882ae97aad6fb0f4c427c395,create
0x15b2f64191e3c34fadf40a4440f546669205747a,0x68ce2d194949eeb3a2524d8af883c349b868edfc,create
0x15b2f64191e3c34fadf40a4440f546669205747a,0x728d52789bdcb8e4b76172c0120db8ef97914f64,create
0x15b2f64191e3c34fadf40a4440f546669205747a,0x804d826376d1919c19ae1b577a8d643e86c601a1,create
0x15b2f64191e3c34fadf40a4440f546669205747a,0xdb12ae5ee28777cb2f672f0923b5bfa60432fd4b,create
0x15b2f64191e3c34fadf40a4440f546669205747a,0xf18af6e44eecbf1d387116abedfaedd1aad2fabc,create
0x176bf2d22189cd61668810c350ef9a208a734687,0x06c13edb2ca4b99708b30ae30172cfe55879bc39,create
0x176bf2d22189cd61668810c350ef9a208a734687,0x3396025547ac9c47c4dcdd1b69146b57f65cc491,create
0x176bf2d22189cd61668810c350ef9a208a734687,0x4ba73331ab9a64f82ec24cee5ca20e6ad08f97a3,create
0x176bf2d22189cd61668810c350ef9a208a734687,0x5cbfc974924aa0eb8dbe889193d1d31d4038d6c5,create
0x176bf2d22189cd61668810c350ef9a208a734687,0x5de43da3903c6baa23552383d445f255b01e0f3d,create
0x176bf2d22189cd61668810c350ef9a208a734687,0xc0c39fac046e7b6b6344f0bddda0687555d173a3,create
0x189891d02445d87e70d515fd2159416f023b0087,0x4e829594757097957900662cea360b5d2cbb355c,create
0x189891d02445d87e70d515fd2159416f023b0087,0x77929546407e49f804096511c0d8b16b22039f4b,create
0x1bdfa039fd06a00a2c56fa7cf7bde1eae0a46fa8,0x33f82dfbaafb07c16e06f9f81187f78efa9d438c,create
0x1bdfa039fd06a00a2c56fa7cf7bde1eae0a46fa8,0x81c798ea668b6d7e07ea198014265e0c1d64b5a8,create
0x1bdfa039fd06a00a2c56fa7cf7bde1eae0a46fa8,0xbc495b476e22affcb414c72ce0095c134d8dfebe,create
0x1bf4e46f68b40b97237c47696cd9334bde5b621b,0x259789b1e3fc296849803dcd15de4f8649f47632,create
0x1bf4e46f68b40b97237c47696cd9334bde5b621b,0x6267645196164fa155579ea014612c0de32b76fb,create
0x1bf4e46f68b40b97237c47696cd9334bde5b621b,0xb799e5b67fa00023b459fcff6d290f2554b8b4a7,create
0x1bf4e46f68b40b97237c47696cd9334bde5b621b,0xc36c861e2447dc2fa1cb80fe7d0829ab39c2cbb9,create
0x1bf4e46f68b40b97237c47696cd9334bde5b621b,0xcfef2ea7fc5ac1ef2348a89bae97007a2f43fc93,create
0x1bf4e46f68b40b97237c47696cd9334bde5b621b,0xe1c208ba3745903463381b0ea3b69be0d188ad44,create
0x1bf4e46f68b40b97237c47696cd9334bde5b621b,0xed4aa5ab6aec77f617a150575ed2db816cd90307,create
0x1cb1ca22f865ae355a037a613439a2ae6f9586a9,0x18a70afe74fa03302d1917485b21c4497291db82,create
0x1cb1ca22f865ae355a037a613439a2ae6f9586a9,0x1d1fb56d17c2cbd7a4d2f0b63e5192b49261dd8c,create
0x1cb1ca22f865ae355a037a613439a2ae6f9586a9,0xd0f7f197824469a433b334267441a04fc99a435c,create
0x1fb3acdba788ca50ce165e5a4151f05187c67cd6,0x9511b95e0626435b4f4d4e04b99fb21434412db0,create
0x22619e737cd391a58aa592220c1f28ba175ef41d,0x623354a5a3b36f3781c6140311820ce5b727eefc,create
0x22dc0138701299c77a8fd5226746675a807ea9ee,0xc92cfdee2ff5509e225a686ea3e55e6d066fecff,create
0x2448d8ff637327c8ccfa7fbaf99dd95477adfab2,0x10124ca4a4e8a5908c18abc536c6f828a7efe1ea,create
0x24d0302c902fe62f1449a8ebea2f2c8c1a0e65ef,0x70dc2bfcd5a4c72d199fd8e4dd23422a23e8d2fc,create
0x24d0302c902fe62f1449a8ebea2f2c8c1a0e65ef,0xd548c3660e42dbaa4683d23bd6f26441d9d626d9,create
0x24d0302c902fe62f1449a8ebea2f2c8c1a0e65ef,0xe0d9eb6a2addb27b535cea4c0b525088f31aee8d,create
0x28d809b820dabe281a05b8cd079b1ee4ae9ded96,0xa63ad5b6c250c4ce8413b6827210f2b1c2feafac,create
0x2a2aaea71812036d73bf698cac2411e0505c4fd2,0x07303d8e28af5f706b0a392d8026893f731ef2b7,create
0x2a2aaea71812036d73bf698cac2411e0505c4fd2,0x38acc6c57f3fea1d9dbffb395f3f7c3143f0d749,create
0x2a2aaea71812036d73bf698cac2411e0505c4fd2,0x6879bb5dc5dafc8bc4e31cf4baff5308a343db54,create
0x2d185ac8c557d3f02220ced9c792b077b8fb1768,0x91de9832c682e351554b83517151356b1e425e5c,create
0x2d185ac8c557d3f02220ced9c792b077b8fb1768,0xbf582263ea7836e911508c4e332d172971a32c25,create
0x2d185ac8c557d3f02220ced9c792b077b8fb1768,0xf41315157df6cc134ef623937a4f68d14c69b939,create
0x2d2805a8b232d979ef3cdcc193bf7312a75662f7,0x360138af892bd292767dc1bba289a69b458ca853,create
0x2d2805a8b232d979ef3cdcc193bf7312a75662f7,0xbddf2c47d5efb4054ce0f8018e3caff1a1f4179b,create
0x2d2805a8b232d979ef3cdcc193bf7312a75662f7,0xc07191a3ba1dac662247ca59ac9b3f5d4be5d36b,create
0x2d2805a8b232d979ef3cdcc193bf7312a75662f7,0xdc10c01a5a55afaf9c4ef14cc2f0b4edebea7b4e,create
0x2f61e7e1023bc22063b8da897d8323965a7712b7,0x9b65665413995bd54c8b2de92a631ed28c4d909e,create
0x310bac40376b399d87b4361830409b1ccdb0c5ff,0x021e5e6ab3efe5eb0c060b4c4c523c7470787ef5,create
0x310bac40376b399d87b4361830409b1ccdb0c5ff,0x4767bc85527cd1aa6c42d355a63abfd40ea68328,create
0x310bac40376b399d87b4361830409b1ccdb0c5ff,0x6e5b7f4e908b6e55c8f8bd699487825666d3c1dc,create
0x310bac40376b399d87b4361830409b1ccdb0c5ff,0x71468f0cb9e5e914400f6909c087584d07b28e97,create
0x310bac40376b399d87b4361830409b1ccdb0c5ff,0x7ec40b905a09f90bc4a692b19160fe6685b5ff47,create
0x310bac40376b399d87b4361830409b1ccdb0c5ff,0x8fd1c78ed8b3de2a025373b2bbd820c03939f760,create
0x310bac40376b399d87b4361830409b1ccdb0c5ff,0x968f5d1cf4fb75dd8c2a4ef8ffc701b2e935942b,create
0x310bac40376b399d87b4361830409b1ccdb0c5ff,0xa55e851322e8f272f1db1676ae19cb5711d0fb52,create
0x310bac40376b399d87b4361830409b1ccdb0c5ff,0xb73b2dfc6d756a8726ad7f5ed713f527ece697b5,create
0x31530345d73fcc806cd6d903703f61f01881e747,0x6be9469057587d3fab951a17dda3745ae2f7d581,create
0x31530345d73fcc806cd6d903703f61f01881e747,0x88bcb069c9141aa6a466c17c0a90f736df33fd85,create
0x31fb521714673ce46acf1d9c33f48a51d6afeb90,0x1365b4ce628e26ae1bcab699e9558f011c62e488,create
0x31fb521714673ce46acf1d9c33f48a51d6afeb90,0xa66af74089805603cd3830af9f38790ab64b02e3,create
0x336c8c07b68b2629da9be97437bc7c290c66e93b,0xb0ff9104f84d5f6d811739e479e1479de96012a7,create
0x3446e0f8bc2556a2f00a317d89549dbbd6e26458,0x9328c5cc898572669701f60801affdf822c6a9fe,create
0x3692e198f5aa6ce18a1420bc194d037af2370c17,0x186cf61b2fff03693835c571beabcd69ce6ad447,create
0x38a9f04fc6a7619cf8daf34d9cc709d17be8023a,0x3e5fb42569cced1d04b2d58b08fe8a95b0d728e5,create
0x38a9f04fc6a7619cf8daf34d9cc709d17be8023a,0x50d407244892244634043d65ab4388988650eec0,create
0x3ae48eca02ac8035041676f70967ef7bca98f16f,0xe1bf62429e6d20f19353ad8d71c5b174ef90d9b6,create
0x411c426b42c390906001915cf998dac56806b057,0xcc372cc7372c2b9f216f492dc2e1f265f9563ca6,create
0x41b8b65f1b5b5f69466cc5ae8d8c7ec2756bc5ca,0x0862dd83831d963539736992d7913af4ded5aeaf,create
0x41b8b65f1b5b5f69466cc5ae8d8c7ec2756bc5ca,0x403e28f0680bde2fcb401d6ad5c44ca11d22e032,create
0x41b8b65f1b5b5f69466cc5ae8d8c7ec2756bc5ca,0x51a93e4ac818bb697dc6f8a9f3fe338c81eeef1d,create
0x41b8b65f1b5b5f69466cc5ae8d8c7ec2756bc5ca,0x6ebb32c7adeec0467065fa475ce31c88ddb5d762,create
0x41b8b65f1b5b5f69466cc5ae8d8c7ec2756bc5ca,0xb877de24043ef77c207e23a9efa30db3eb45d044,create
0x41b8b65f1b5b5f69466cc5ae8d8c7ec2756bc5ca,0xc2e3c83ffffbdf0f6bb917412c845eec2676c16d,create
0x41b8b65f1b5b5f69466cc5ae8d8c7ec2756bc5ca,0xd412e11251181d3881b0d78cb9247ea182050ef1,create
0x41b8b65f1b5b5f69466cc5ae8d8c7ec2756bc5ca,0xde19a5f82ab8d2fa8c08d79f69356166fab1db6f,create
0x41b8b65f1b5b5f69466cc5ae8d8c7ec2756bc5ca,0xeb1906303cf2b6bee32ea7c3b17fbc9bd8b1ed53,create
0x444c2f2c70854d7830bcf40cf447eac9e63b7b1f,0x2d5ebaec2296e41f4f9e3d4225a10490d51af4b0,create
0x45a55d70453ec8b06c704a73dbe135f0b3447ad4,0x9b0a5b041cf0a7052d4ca73e191a130b38bcae54,create
0x46feeb381e90f7e30635b4f33ce3f6fa8ea6ed9b,0x1a2c5c3ba7182b572512a60a22d9f79a48a93164,create
0x46feeb381e90f7e30635b4f33ce3f6fa8ea6ed9b,0x60778cb37b76e1ccd8e05e25cf712ba5bda3217a,create
0x46feeb381e90f7e30635b4f33ce3f6fa8ea6ed9b,0x868947dfacd1a9cb51bf2c7e3000434d1634af0b,create
0x46feeb381e90f7e30635b4f33ce3f6fa8ea6ed9b,0xa6f6b06538348614d98f1c12b6b2becc27886ced,create
0x46feeb381e90f7e30635b4f33ce3f6fa8ea6ed9b,0xc013a9119b4aaef512b2338026183db9cd0c4029,create
0x49c06f11f7061f9fb31b7fb8fd51f19f125ee84f,0x8eddd8d7d916fb2832230e7f33b66f10f9399867,create
0x49c06f11f7061f9fb31b7fb8fd51f19f125ee84f,0xa64a2f89eb9bb3bf0d506ce225da14c6c85ae9a1,create
0x49c06f11f7061f9fb31b7fb8fd51f19f125ee84f,0xbf253906272989f49e7617574004d4608355531c,create
0x5149ebf29b2fc0206dd5a2b4bf8f429abf66f0f1,0x62ff037535447e500119427b289bcaf2eb3a9493,create
0x5149ebf29b2fc0206dd5a2b4bf8f429abf66f0f1,0x8c3caf7beacb7b5dbb1bd18992dc5a61b594f8fb,create
0x5149ebf29b2fc0206dd5a2b4bf8f429abf66f0f1,0x96a01b439dfbdd50fda3462abee6f0707ba91b35,create
0x5149ebf29b2fc0206dd5a2b4bf8f429abf66f0f1,0x9bc231233fb9893ac4a171ba572065ac8455bfb5,create
0x5149ebf29b2fc0206dd5a2b4bf8f429abf66f0f1,0xba851af2e95cee67b1d778b32514b87d73ca830d,create
0x5149ebf29b2fc0206dd5a2b4bf8f429abf66f0f1,0xc8aaba0ca0bce07f93e2a3ec514fd17d458dc806,create
0x5149ebf29b2fc0206dd5a2b4bf8f429abf66f0f1,0xce0245dea5a864c90193f56c79dd629cae8ee948,create
0x5149ebf29b2fc0206dd5a2b4bf8f429abf66f0f1,0xecd7e4c66daebb1cce377f4d28b490646d69871c,create
0x5149ebf29b2fc0206dd5a2b4bf8f429abf66f0f1,0xf17340d8c23188f61356cb80c39bb7e1034ae102,create
0x51bf89e3217c138f11dfabd64def4ec5e156b8e7,0xc21773ab3c3975ee4255afd24f84724b8166e5da,create
0x52638f6d7bd771fef4894397a7a91dcd7a16a88e,0xc03b0dbd201ee426d907e367f996706cf53b8028,create
0x547bc68a1a622d41ed2a252142d02ca297c3d833,0x86d03cdc7f946d659b1bfcbefd5d5d3311291482,create
0x54da6d9aaf032ef7df1b239594ea798658830d33,0x180824999a8479c9aa4160b6657c5df5e6dc16be,create
0x54da6d9aaf032ef7df1b239594ea798658830d33,0x6fcf92b10f88dd680fc09c9fa2fe97bbcf204ede,create
0x559c9f83bcefccd5a4d0003ffdccb2dbb954d7f4,0x25df6e3da49f41ef5b99e139c87abc12c3583d13,create
0x56245aac938841687c0e2581c9e034b534048c3e,0x7984ec92bd001cbc2feb4a438b0bb0e897db1a22,create
0x56245aac938841687c0e2581c9e034b534048c3e,0xd86a9244de5643cbe49bedd6b0647e2820e766cf,create
0x56245aac938841687c0e2581c9e034b534048c3e,0xe898724a0824f071d7effa9ad91aa52b477769df,create
0x5777c72fb022ddf1185d3e2c7bb858862c134080,0x0578cffe8728c40deb46f31466cecf4b4cde5bbf,create
0x5777c72fb022ddf1185d3e2c7bb858862c134080,0xd37e1d4509838d65873609158d1471627f697874,create
0x57904d98795bc0f9bc22dcea43a2093660fad3bc,0x33113aeeb975d0d3b881c03024f03822f98c419b,create
0x57904d98795bc0f9bc22dcea43a2093660fad3bc,0x5662428b5a70b6a34f51f44ade33c80711269e3e,create
0x5ac58eb1310edcd29c52be625db9f3f9a64934ea,0xa26f5ce1c7e71eb670fa609d2e0e0f2aa57c528b,create
0x5b7ae67ba3c123466c3b0494073381415bcb6906,0x1c5ea5e52b5eca5b14d5cd7db654aee96c235682,create
0x5b7ae67ba3c123466c3b0494073381415bcb6906,0x758a6cf7d6468a0aef0adf915eb4adb4ddf5055c,create
0x5b7ae67ba3c123466c3b0494073381415bcb6906,0xad026ad770501280fb4201a1dc8d381d1f1aaa3c,create
0x5b7ae67ba3c123466c3b0494073381415bcb6906,0xdf3874c766349baa0d47a9dff49719fecdd65f42,create
0x5b7ae67ba3c123466c3b0494073381415bcb6906,0xe0d109934663143f69ef0f1edcc12db4039e6374,create
0x5dadb98a728fca7b0f7038239e647f44ae274aea,0x97a1d4a9450b3e92014ca8612b88f4432bfb9f9b,create
0x5dadb98a728fca7b0f7038239e647f44ae274aea,0xac5a33f720d64310d3668eb9b1b72d2cee3ab139,create
0x5dadb98a728fca7b0f7038239e647f44ae274aea,0xeb5d03b0d2a21ac98b6c5d428ed8530847d70bd4,create
0x5db1c3bf9d068a284a8455ce7649870f6ca12584,0xa9304fd70f47a36058e6b789650915e78b5e4d77,create
0x5db1c3bf9d068a284a8455ce7649870f6ca12584,0xd044e9be41aee87c72e36e63e9fe761ce7d87d77,create
0x5db1c3bf9d068a284a8455ce7649870f6ca12584,0xf2cd24635420e8e8895dfc75e6d0b0c02a254713,create
0x628b8396ed4c108f4d8868576f1a26165317ca2c,0x35f0a6c669c00ec44e18b8a28a1014b96348333c,create
0x6401d3b6412e7ea9950aa0780ee10ee2da51c1b7,0x1b2805cb4d45eed354ec0b4d925a745de0cd020b,create
0x6401d3b6412e7ea9950aa0780ee10ee2da51c1b7,0x2dd919a28d3eb0e00bb4b3a2a29113e8b7241260,create
0x6401d3b6412e7ea9950aa0780ee10ee2da51c1b7,0x68c5b928f385e2e978c935086837363391a8d053,create
0x6401d3b6412e7ea9950aa0780ee10ee2da51c1b7,0x907cdb5804c64eeb6dd80e13e00a2e70b16ec02c,create
0x6401d3b6412e7ea9950aa0780ee10ee2da51c1b7,0xb88c0c3681c855bbadb19c6a87f0f0df6dbd043f,create
0x6401d3b6412e7ea9950aa0780ee10ee2da51c1b7,0xb896f2ccde5b91222fe670bca8597c035bfb5a6c,create
0x647a028a01f950dfcf013bc791221f3560dfe75b,0x77c2e45de8b1cbaf4aa3f5b0506496881f8706eb,create
0x647a028a01f950dfcf013bc791221f3560dfe75b,0xbc3a2d9d5cf09013fb6ed85d97b180eaf76000bd,create
0x647a028a01f950dfcf013bc791221f3560dfe75b,0xc7c4ceb7bdfa94ec1389098cf8ab9f7769a20a9f,create
0x647a028a01f950dfcf013bc791221f3560dfe75b,0xd0886b07cebb09ec678528c929c1b322b8002542,create
0x653e84ba1c7af5cb15cb568def5f1dfa34e975ca,0x0c4ca34347e056852ff0842d16725d598d1da6e0,create
0x653e84ba1c7af5cb15cb568def5f1dfa34e975ca,0x2aa9def8f656881a6a57c1a29891f2ac92dc9128,create
0x6908e4279e888d5480288dd330152ddfaa2f5b59,0x1d39296249bbe16cb01151fd24b9c9c29721ac7b,create
0x6908e4279e888d5480288dd330152ddfaa2f5b59,0x1edd9342ed324ca557118f1a4b2667d69d0dae95,create
0x6908e4279e888d5480288dd330152ddfaa2f5b59,0x41bad2dfccffc460edf649a72ede7bd28d702dee,create
0x6908e4279e888d5480288dd330152ddfaa2f5b59,0x47aed4accdb81acfd5cd7dab6f6356c2747db083,create
0x6908e4279e888d5480288dd330152ddfaa2f5b59,0xb56809d58e3f60402114399de9d409b1d3df8d09,create
0x6908e4279e888d5480288dd330152ddfaa2f5b59,0xcc6538b1be63179870993c35d72471d732c1f277,create
0x6908e4279e888d5480288dd330152ddfaa2f5b59,0xcded5fc57d4ea7e31c4f33ed3afa2b3c091def57,create
0x6908e4279e888d5480288dd330152ddfaa2f5b59,0xea0678e5552bf9979931e49f794c226054b44bef,create
0x6c864fa1a40a72da4768bbd0b98bd7442dcea657,0xb34aa41593deabb2b17e7507e3e413c58f6e0c71,create
0x6d070e6626f3ccbc5acaf1ff4b08c73243572d9e,0x689fe95356ddd510b458a3b18184e0e85bd6aea9,create
0x6d070e6626f3ccbc5acaf1ff4b08c73243572d9e,0x90e00275be7d93a06f9ec6baba55e77066b7e220,create
0x6d070e6626f3ccbc5acaf1ff4b08c73243572d9e,0xa0ff55d539fb7ef800aa7712d8268e5667ce96dc,create
0x6ddbd71965dcbcc90c8211a231d1d8fc15467662,0x12db4b88fad2e21e075fd4382e77bd76a096e017,create
0x6ddbd71965dcbcc90c8211a231d1d8fc15467662,0x630b6ce3471ea19d3e31ddc07160d79ef96957a3,create
0x6e9126ceb3f18d67ffc0071bcb0bbc9f48d50290,0x9d3dd65bb54c70f4b1498bada9a14b92e7a93e21,create
0x7069ec9336399687b477bff02ed0c4081a49404b,0x85e7a45bfff55f8a57acb25095bf59724f748897,create
0x7069ec9336399687b477bff02ed0c4081a49404b,0x89f8df14d6b94052c4ae00b60aced42639fbdbed,create
0x7069ec9336399687b477bff02ed0c4081a49404b,0x9f63a5d92162975a08555f54752503b96277526d,create
0x7069ec9336399687b477bff02ed0c4081a49404b,0x9fbf5d3b362558553e8fde4693717c6f72aa19de,create
0x75f64fcb4f0d0f3a66af922efeb3fa995216ac48,0xd42847a669f5f872c32f57c03431063404b783ea,create
0x766a069c7943250a9f678360849388d674edcaf3,0x0fec29b50c035dd9e6bf7a3d2514fa476b7ff174,create
0x766a069c7943250a9f678360849388d674edcaf3,0x35d9dda2d3a9274bed9b4903cc338eeb5d06a5f4,create
0x766a069c7943250a9f678360849388d674edcaf3,0x63372b51f1115b504f4e640f0135634fd61e7a67,create
0x766a069c7943250a9f678360849388d674edcaf3,0xabf8a3ab515262fe2b1e2314b45c6d25668455f8,create
0x771141a75038f54647d649eb5c916568f16a8cd4,0xc6f2e817f138cfc22a922333851dda2006196493,create
0x7931c90100285910556fd3c6406942995930ad34,0x1fce1de80d291c558195facffd3c4049a127ffcf,create
0x7931c90100285910556fd3c6406942995930ad34,0x50b260eb03d353432f6cb2fe4822522009219043,create
0x7931c90100285910556fd3c6406942995930ad34,0x8d0c131a206b925e63632c0fd28cc78ad6ff4f34,create
0x7931c90100285910556fd3c6406942995930ad34,0x8ecd7a31aa1df7097dee329a1a999880c4605874,create
0x7931c90100285910556fd3c6406942995930ad34,0x96f1ca36f1b302924c28fe770bd467aee2bf09d5,create
0x7931c90100285910556fd3c6406942995930ad34,0xb5b8a0fed80719cc3903cd5108e9a513949cfec6,create
0x7931c90100285910556fd3c6406942995930ad34,0xba2423f13495a3495a5a2307574ada554e0516e0,create
0x7931c90100285910556fd3c6406942995930ad34,0xc602cba93e01f6363efde68dff07ed5bf1c710c5,create
0x7931c90100285910556fd3c6406942995930ad34,0xcbe06ca838dc11cde2c86d648b40048db254c81c,create
0x7931c90100285910556fd3c6406942995930ad34,0xe26755edf74d538b740d92319ca525c58b4f1bcb,create
0x7931c90100285910556fd3c6406942995930ad34,0xe915ffcfbc1dd596361579f24b86b9ab93980295,create
0x7931c90100285910556fd3c6406942995930ad34,0xf9fe42060ae6f44eac7e9cb04559db0b85cdd61c,create
0x7931c90100285910556fd3c6406942995930ad34,0xfc2a0d235dd30913d922edd93e27325d54864a78,create
0x7fac341f12bdcd5f90425786384c122cb9aae16e,0xa23fe66e0a14d9e86f4d7a3bd7460ea8bd052ca3,create
0x7fac341f12bdcd5f90425786384c122cb9aae16e,0xc7762a3bed2afd8f823694b5c5ec3f17e98e66f8,create
0x7fac341f12bdcd5f90425786384c122cb9aae16e,0xd267942644ed8d50b89df238eaa74593a35db02e,create
0x80028f80c7d5959c3eaf45a95bf3a1a0724352f6,0x0a2fcbb0a59e356dc3b5a8fe1d30e0f062e1cdd6,create
0x80028f80c7d5959c3eaf45a95bf3a1a0724352f6,0x0c3cff7389d634d0fb1403ce8d908ced172321ef,create
0x80028f80c7d5959c3eaf45a95bf3a1a0724352f6,0x3a88d712f78b33de2fa8d3fec97cf89719b7185e,create
0x80028f80c7d5959c3eaf45a95bf3a1a0724352f6,0x557241bdd4fd0b481597600826ff83e897c540b5,create
0x80028f80c7d5959c3eaf45a95bf3a1a0724352f6,0x5622f74ee49e05dbab49deee1705a8cf807b9efe,create
0x80028f80c7d5959c3eaf45a95bf3a1a0724352f6,0x7a72f1ef38be1a155ccd298885c753aef861efe6,create
0x80028f80c7d5959c3eaf45a95bf3a1a0724352f6,0x8bf5dd07d766929d448cd43237f12e0d1d676ed4,create
0x80028f80c7d5959c3eaf45a95bf3a1a0724352f6,0x8e848dc89e176eca6d3e368697bd8449595a9123,create
0x80028f80c7d5959c3eaf45a95bf3a1a0724352f6,0xf37f8999c689f8cbf16b1a8ea4677cf129fb2e43,create
0x80aff102f5bda839483f529e5ca605b8b6b45658,0x43fbd7ad7274d3c81ffb38c54094d7c32e54ae10,create
0x80aff102f5bda839483f529e5ca605b8b6b45658,0x8400ae7144a10615e32d0a34495593b5ad5e8928,create
0x80aff102f5bda839483f529e5ca605b8b6b45658,0x9d939c3c5d703d72ffe07c0dabab1995e49f81c6,create
0x827806ff62a98ecae9778f316ffd85fd94276d0d,0x0c706505e7b461fca7ca524754ade7c9c7b1cff4,create
0x827806ff62a98ecae9778f316ffd85fd94276d0d,0xad2fbaea01cf9423403a1c620deaa9d7b572816d,create
0x869e88783e4c2e97d967a89e1aca4523eeab3d7c,0x6e507851f802d086abd47958f74262d744c4ed24,create
0x869e88783e4c2e97d967a89e1aca4523eeab3d7c,0xceb4c5ceeadb7c047eb7a666b1e0d1fbc7b62b95,create
0x86a57f3581cf77f4ec8060cee6775ee8238912b5,0x45c4e3753f538dc5df07184f1374faaead6b2e35,create
0x86a57f3581cf77f4ec8060cee6775ee8238912b5,0x59c98ed491f9dc108209d7e3058192d2378a8bb5,create
0x86a57f3581cf77f4ec8060cee6775ee8238912b5,0x88afd8c2e5a534de5f9fef6afb41af239c25b0bb,create
0x86a57f3581cf77f4ec8060cee6775ee8238912b5,0xf0f50c3bb22a68b8323832ee4a1ff60b77f7e9b9,create
0x875295c182a584748141a1ee7c75cdf990414ca8,0x4e959520bbf9fbfa371cb6c9a56e653e7d51e13e,create
0x875295c182a584748141a1ee7c75cdf990414ca8,0x8f31279e69dbb103423f159dfee25b3cd888a5d7,create
0x875295c182a584748141a1ee7c75cdf990414ca8,0xa3bb323c92cfb1625f71f269e0bca52bef7276a5,create
0x875295c182a584748141a1ee7c75cdf990414ca8,0xaeb038d8caeaf164e0931f64fd039f0b33ad2419,create
0x8cc505ac2f1843bc178a8f3eb34cc803802b0df1,0x8d433445ce244e4f5ecbd257f8721b6b7498f905,create
0x8cc505ac2f1843bc178a8f3eb34cc803802b0df1,0xe69dfdc50be795e25fe48ba462b13b6730010019,create
0x8d1dc21fde9a6f20783fd050d54564418cb5dbd7,0x1aeb204c314501d92dcb5101b7d9706d780e38dc,create
0x8d1dc21fde9a6f20783fd050d54564418cb5dbd7,0x3e0f7b6d72d945b442c9545c882a24f40f2c40a7,create
0x8d1dc21fde9a6f20783fd050d54564418cb5dbd7,0x504375253380b2038be36b4f34da0a1dd002a638,create
0x8d1dc21fde9a6f20783fd050d54564418cb5dbd7,0x83c8219d8aee62d84b21d35e5d0b52ccd5300494,create
0x8d1dc21fde9a6f20783fd050d54564418cb5dbd7,0x871ba0125d17d0b56ec24c62c84a4daf1dcbcc8e,create
0x8d1dc21fde9a6f20783fd050d54564418cb5dbd7,0xeb1cd1b4c07c0b024326ba9d4f8c7a937c8904d9,create
0x906cd29d1ece6f522b502a2fb492517d17c9fd64,0xbe0fe86d03bfa03836dcd00ec24f36964a616d9b,create
0x95c10a19db63a749a22d3c140c5b4468d582dd31,0x102102b8908853e2cbf4c5ce3c6c845c6bfa8f55,create
0x95c10a19db63a749a22d3c140c5b4468d582dd31,0x1262b4bb3951e19e5e8208ec234e5da9e1fa26d2,create
0x95c10a19db63a749a22d3c140c5b4468d582dd31,0x17c618f065625bd570419247bc7e21c8308f7c65,create
0x9850e11049b78f54568a01b9eeaa9adfe2677036,0x1e38e5bcb25ae7bacd51e807c7f3d9a126685a6f,create
0x99efd9299b632d2a20ec2184c2f0b6e45b2fe60a,0x7c52974b6eb8af0ddf874b3c4e03aa9a791d9632,create
0x9b448181e6c2a947c64bc1944455a81123d1f5ff,0x10d4dc95e3a1edacc5cd27e96fc3e2f1b01f5e57,create
0x9b448181e6c2a947c64bc1944455a81123d1f5ff,0x662cb3258969ea9f2ecb9a7ac5e51870325e0b88,create
0x9b9df20988fa822b5b883564d460731d318b79d2,0x62cd791016478a16a75c82ea0c6f13136f8d7e62,create
0x9d403e4791a8cb1bd4a740c43bd553d35a325de5,0xb11b2fed6c9354f7aa2f658d3b4d7b31d8a13b77,create
0x9d403e4791a8cb1bd4a740c43bd553d35a325de5,0xbebbfe5b549f5db6e6c78ca97cac19d1fb03082c,create
0x9d95b72f3895e393f201cb2e8e45cd2958da75af,0x9847f923d025729c5eb603c06dc6b9e25e8d8c3e,create
0x9d95b72f3895e393f201cb2e8e45cd2958da75af,0xce744291c771efab9f47eb73e055913e795646cc,create
0x9ea651650675dfdb1f274bb81fe5b22065c2fbe0,0x079155017915a96414d1266b8377d0107e1eb65c,create
0x9ea651650675dfdb1f274bb81fe5b22065c2fbe0,0x9bb535b7f0b9e21ce2833c55a8231c9029ee1931,create
0xa1eec0a9b7c50b8e79a0d9b8760bc5681fb199ec,0x3d26e176a2d25d3ae98f67c9f1086704be816e5e,create
0xa1eec0a9b7c50b8e79a0d9b8760bc5681fb199ec,0x44bc652e977c0a40905ea9d0eb0da1a148358d61,create
0xa1eec0a9b7c50b8e79a0d9b8760bc5681fb199ec,0xabff46330bc70e19673b280d2f77f6bbb485f029,create
0xa1eec0a9b7c50b8e79a0d9b8760bc5681fb199ec,0xb49180d443dc4ca6028de0031ac09337891fd8ce,create
0xa46fcc88d1e03f79e264ec48bcf05094401a6962,0x3fadde945304a36cc2950c3674dc933141a0412b,create
0xa46fcc88d1e03f79e264ec48bcf05094401a6962,0x5ee7b7c0c549b3f09e0f6082dcb31fe2a191910c,create
0xa46fcc88d1e03f79e264ec48bcf05094401a6962,0x636c55bcf18d036bca0ff06cb8c47945f946b0b7,create
0xa46fcc88d1e03f79e264ec48bcf05094401a6962,0x72b8f99d7663009607154a55a783ee6e4fbfab9c,create
0xa46fcc88d1e03f79e264ec48bcf05094401a6962,0x87b4bcdc05dd99d88d5df1670a3f9f9e2433527a,create
0xa46fcc88d1e03f79e264ec48bcf05094401a6962,0x880be824f4f322eecfab0a7b70c975bcd3247b53,create
0xa46fcc88d1e03f79e264ec48bcf05094401a6962,0x8a85848d503dfd8817157d90aa27220e3e4cfb67,create
0xa46fcc88d1e03f79e264ec48bcf05094401a6962,0xd4557aa78a390cadbfe74f3ecfc5ca9b483de5ff,create
0xa46fcc88d1e03f79e264ec48bcf05094401a6962,0xd480d1b0c9fc9e333f9eeaed1036246614957e34,create
0xa46fcc88d1e03f79e264ec48bcf05094401a6962,0xf566fdb513a19d042e9e1be02860a59a383376c1,create
0xa4eaa62923d330971c67ba232cdca748f05fa603,0xade43d192241812be6b62da85da8644afd02e4bb,create
0xa4f970e6425e316984208ca1ee95ca618c11a34d,0xe648ae88a6d9b3373e115e3414be91b7cf12de4c,create
0xa66b58fc584fedd9ec524ac4f6f5dd4d23d669dd,0xf0a600296d5416c2cceee3b279d332dc051a1c5f,create
0xa7cc2b759b0bc23c5ebde6b5fc02124011b6e7c8,0x606a831594659e58d010d4c245ec7a411dd41845,create
0xa7cc2b759b0bc23c5ebde6b5fc02124011b6e7c8,0x967601563e18566a8e170833a772a775c7df274d,create
0xa7cc2b759b0bc23c5ebde6b5fc02124011b6e7c8,0xfd4c2b0a6725492aa65026bbe1d43630178f3856,create
0xaa230167525cf417b71eb85d38cf5b9313a3b57f,0x1bd9d2664cd3b94f97daaad0a911a4698641fbea,create
0xaa230167525cf417b71eb85d38cf5b9313a3b57f,0x38ab5c0142bb97f2d1b89126fe7906c37a375c67,create
0xaa230167525cf417b71eb85d38cf5b9313a3b57f,0x56393cffd2c85a37e543949c5c21dc7697c72680,create
0xaa230167525cf417b71eb85d38cf5b9313a3b57f,0x584805f31773ad1e1fb39c6629aa852c06300453,create
0xaa230167525cf417b71eb85d38cf5b9313a3b57f,0x67c5fc7d2284f5a2e8a66987cca266640eb2b62a,create
0xaa230167525cf417b71eb85d38cf5b9313a3b57f,0x88037c01990564d74d37ce99c10c9d097ddb713d,create
0xaa230167525cf417b71eb85d38cf5b9313a3b57f,0x8b4b5307a97d46c07c4f30e4aafe8c5907a4e856,create
0xaa230167525cf417b71eb85d38cf5b9313a3b57f,0x8cd16f8361a4c03cc95f38ed71fcc3218796552d,create
0xaa230167525cf417b71eb85d38cf5b9313a3b57f,0x8f9da7734f0740c95288d2ca76090f15f3e0e251,create
0xaa230167525cf417b71eb85d38cf5b9313a3b57f,0x9ff21c12d8a4120a60f925769f7e717c68609a29,create
0xaa230167525cf417b71eb85d38cf5b9313a3b57f,0xb3552141acbdf44086c5538fba7df3b6530e5a61,create
0xaa230167525cf417b71eb85d38cf5b9313a3b57f,0xe99df8ce2a696cd4fa2fb33a1f1164eca8219323,create
0xaa230167525cf417b71eb85d38cf5b9313a3b57f,0xeb44ac4e00d4150fcfa9d321889396b3295c8650,create
0xaa230167525cf417b71eb85d38cf5b9313a3b57f,0xef2a44e137170c8a77a05910bd3065c79f3823af,create
0xaa7f3d796cf2d9441d5544ebd3441de36ddbe054,0x0148179f1ff77e236e97b646502261ea29517d32,create
0xaa7f3d796cf2d9441d5544ebd3441de36ddbe054,0xca6ec8fea6296cc3e5fef464d5ff49ea4c099c43,create
0xab914e7b04f1b6ed397dbce175eec827563c91bd,0x83651a62b632c261442f396ad7202fe2a4995e3a,create
0xab914e7b04f1b6ed397dbce175eec827563c91bd,0x8567aaa86f03ca55e36e7295c34e260110b1232f,create
0xab914e7b04f1b6ed397dbce175eec827563c91bd,0x97afa00f26e66bf96a7338e67ee945d1f3080b78,create
0xab914e7b04f1b6ed397dbce175eec827563c91bd,0xbd9ce8003bee86c0f33ddb5607c6e9407aa89232,create
0xab914e7b04f1b6ed397dbce175eec827563c91bd,0xc25a52168ed8a1c8ceb0035c772ae40cd0a97eef,create
0xace4e261d21ea8ed1784e5f730878e0fd90e145d,0x135b032a6fee8060ec7c1c7c5fe1f25313a9b992,create
0xad2a8f876f4dcd0af8274db6154d817688b60a02,0x9ebb5857b76cc5ab6097bb2e0b65d6e32f95f770,create
0xb243df5e5f3732bfc45b797ca44b24e6d04bced2,0x5abb8dda439becbd9585d1894bd96fd702400fa2,create
0xb2803acdcbb06079725b9b64fcef64c115b71421,0x4ae2a9e5c6e30f0501176dfdc5279600d7105fd2,create
0xb2803acdcbb06079725b9b64fcef64c115b71421,0x4e0ca85e4e7863a37b535903f5fdae3aa0a1642b,create
0xb2803acdcbb06079725b9b64fcef64c115b71421,0x507bd574da5dea08de673a1e16232c9fbafdd870,create
0xb2803acdcbb06079725b9b64fcef64c115b71421,0x75c8453573b0db4823e1e54f7a6b88150ca3e429,create
0xb2803acdcbb06079725b9b64fcef64c115b71421,0x7f84a6d104634618a1bcad9cb44e030eaf0e76ac,create
0xb2803acdcbb06079725b9b64fcef64c115b71421,0x9aa3719c9c20c847616498d1e74c117e735daa17,create
0xb2803acdcbb06079725b9b64fcef64c115b71421,0xb41e9260f9d1f2f86ab2018d6b63f757ff1a0c40,create
0xb2c5b227cdede3c0eb14ca42215f942a05766be1,0xbd0265475af115259f76564ec0f8883a06fbd586,create
0xb45b7b7174ee38a524c4e91b8dd4e4ee83df1745,,create
0xb4a24501330bffff0436af0349c1295ccb1d5364,0xcfebf8c78de81f804a694f4bb401e5d76b298be5,create
0xba83c1ebfac5c0965f3cae491e04125986463df7,0x31bee405746525c1c6d94a1f0392a5ac88baa0be,create
0xba83c1ebfac5c0965f3cae491e04125986463df7,0x5f0e948c748cf316757e7e63d048ed31cee7ca09,create
0xba83c1ebfac5c0965f3cae491e04125986463df7,0xe9d0b499df35db254c472f5b7868aa45e78a40f3,create
0xbb72e4616594d0cfba7ec4aa25c837dfc277b12f,0xa79d6b9c152308e3f7df43b37247124055663061,create
0xbd0f803ceea073b5ff716a51a088642d19278b2d,0xe062fe9305a4696cdc0977ea3d30959f124999f9,create
0xbf9d39bf93f9e38f1afc07d8dbcb28f567d3b8c5,0x0502d65fbb1f71b9387d62c4c1bd7b1e26f1401e,create
0xbf9d39bf93f9e38f1afc07d8dbcb28f567d3b8c5,0x87b0de512502f3e86fd22654b72a640c8e0f59cc,create
0xc08506131d06bf9adf0defb5c4e9f81acfbe3ba0,0x36a63212f86dd4735df1d9b17aa7b621093e2f13,create
0xc08506131d06bf9adf0defb5c4e9f81acfbe3ba0,0xb055ee6c86b4202c0690723a9b9b47a869ff9d49,create
0xc08506131d06bf9adf0defb5c4e9f81acfbe3ba0,0xb7d7f0223c2330f09dc8f4fa8b124e9a24593e1b,create
0xc382c11aacf15903442f895cadff17ba2667708a,0xac0377acf8d74b1f76cc896c5f6e7420beb1fea7,create
0xc8c124278e2bd67cc05b1ef9c3e1b98952f10aa1,0x40c44d2a6bdd53ce364fbd290100a2b7446f28a9,create
0xc8c124278e2bd67cc05b1ef9c3e1b98952f10aa1,0x5e20b3d72ef987f59a5dd85c55e2f277ae795ebf,create
0xc8c124278e2bd67cc05b1ef9c3e1b98952f10aa1,0x9c5c3c2ed41a5ae8457357447012a8ddd5b2b550,create
0xc9ee4a4a36138cc2c2995fdff4a1736854d0401a,0x58c36d66a92c0db24a7934a53710cb6687ca6665,create
0xcfce5b74042739ec265a04e4002e31eb71ec10c9,0xff366bfe2f7b205550335191a0855fa18ec64350,create
0xd3525a9e61b6cdb9427f90dd5150e7fcd28b921b,0x81432cb5a5fbcc2ad86ec1251effa31c0d32e695,create
0xd3525a9e61b6cdb9427f90dd5150e7fcd28b921b,0x873093313a47e86dd15e19b179dc140751b46427,create
0xd3525a9e61b6cdb9427f90dd5150e7fcd28b921b,0xe45b25cd7de9fa0915106664d8e9a72dc7e04122,create
0xd82bc89ba3646c16864e5629ac3b5845bd88bf58,0x4fc4549757f9520899f70be4da8908258dcf6be5,create
0xd82bc89ba3646c16864e5629ac3b5845bd88bf58,0x7e742fa102c60d1c33602e6163d7981bf4417e32,create
0xd82bc89ba3646c16864e5629ac3b5845bd88bf58,0xd42c50dedae71f7ad62e7792e83d7736637689d9,create
0xd82bc89ba3646c16864e5629ac3b5845bd88bf58,0xe2ccc4f900bf1d74f76e43e5434c221ecc6a8a52,create
0xd82bc89ba3646c16864e5629ac3b5845bd88bf58,0xf39d71028a5ef1d1654602d6866cad1cc5e6a483,create
0xd82bc89ba3646c16864e5629ac3b5845bd88bf58,0xf3be10c96a670b15856f33e2558eab79bc94f2e5,create
0xd8d8def8b1584a2b35c6243d2cc04d851e534e37,0xaa5af00156d4cc543591843f0894a9eb9046bc78,create
0xd8d8def8b1584a2b35c6243d2cc04d851e534e37,0xc732713144eb34a4b6e802032c9ccebf4f731036,create
0xd8d8def8b1584a2b35c6243d2cc04d851e534e37,0xe14870e1788abed480ae25fc57d6ec4e0b0a8a1f,create
0xdbf6d150533c98b37721bb07f80c627351b62b71,0x92c44bdc89760021f49d10f396695845590eb0bd,create
0xdbf6d150533c98b37721bb07f80c627351b62b71,0xa8e3d37fc7c6a4d1d05fb9f0afbf443bdfb468fa,create
0xdd8a3f3b560e1cc79d87d29304bd7c13e247f0d3,0x9ab2dc218ad4ca5804172626bb7d1e9afaed9c1b,create
0xdd8a3f3b560e1cc79d87d29304bd7c13e247f0d3,0xdd8453152095ab3559514a234c2fdd6b67340be9,create
0xdf5009e1028070e9eeed22e3e04d62c7ab20c7be,0x7d7c699c92802bf828c1a47c96539a2b47009d21,create
0xdf5009e1028070e9eeed22e3e04d62c7ab20c7be,0xb3c77863dfe740f7e8e028889a675b874d6c71dd,create
0xdf5182b3fefe338d9badce30a586611a9aad8b5d,0x1687bed01911b3062ffcdd1b2d548af0443f5530,create
0xdf5182b3fefe338d9badce30a586611a9aad8b5d,0x1e0b0348d11e79ae3efbcc89fb6a70eee05ae18e,create
0xdf5182b3fefe338d9badce30a586611a9aad8b5d,0x96cd538ff3afde718bb0ddf1ba2390726104d65b,create
0xe0b4789d1cb42f0ee149bfbc12f016dbd55db33b,0x6f49baef279f8c40d7479f5be6a9bbf5fc607af0,create
0xe0b4789d1cb42f0ee149bfbc12f016dbd55db33b,0x8f90d7ea9de8ca770372feec601f6be100058462,create
0xe0b4789d1cb42f0ee149bfbc12f016dbd55db33b,0xc93ceb7045a375559e1f2e822edd744e6f3ea28d,create
0xe0b921379bcffb3cb00a8ce3545d72fcc1e1add9,0xa32b6fb720fb37191d14ff8e0464bc50ebe304f9,create
0xe0b921379bcffb3cb00a8ce3545d72fcc1e1add9,0xb9a457d83aa4096890561cd433d3fffc02d1ea46,create
0xe115816138e9d0ab30e1a080edeb3bf787c733f4,0xba3048b17d1e8c1412ea29af9af795786065b5f9,create
0xe115816138e9d0ab30e1a080edeb3bf787c733f4,,create
0xe13e670b04587452c63080c7caddb15f5e821149,0x1ae8de76110a311d503342221745c9082e0e3541,create
0xe13e670b04587452c63080c7caddb15f5e821149,0x25a07118757795e2e341db9ec8b88d0d397159d1,create
0xe13e670b04587452c63080c7caddb15f5e821149,0x2ec4a3323d3ce0f30cb2c07b02b70c557059615d,create
0xe13e670b04587452c63080c7caddb15f5e821149,0x34ab2aae2792aaaabfe9873e9af3ead2d3e5d3c9,create
0xe13e670b04587452c63080c7caddb15f5e821149,0x57eda90d7a050e4344d3a4f1612cb60de2255b45,create
0xe13e670b04587452c63080c7caddb15f5e821149,0x5d42bd5ae288a91e0eea278aecd024dfe37ebfd9,create
0xe13e670b04587452c63080c7caddb15f5e821149,0x78d15ec6d53a2607ed8af6cf11ccf6b15623e1cf,create
0xe13e670b04587452c63080c7caddb15f5e821149,0x7f78905b5c15ae6496913e091ffa39669804c757,create
0xe13e670b04587452c63080c7caddb15f5e821149,0x955fefc14e6ca327b6dc4c552234c62d8465a2cf,create
0xe13e670b04587452c63080c7caddb15f5e821149,0x9ee08eb9e0e2280797a1784ea400012ae72a0c4f,create
0xe13e670b04587452c63080c7caddb15f5e821149,0xb5ea4c0f8ef6bbc26ae90b83d369e887ed95c513,create
0xe13e670b04587452c63080c7caddb15f5e821149,0xbee827b3174926babb163c6f811ac0f175bcc48e,create
0xe13e670b04587452c63080c7caddb15f5e821149,0xd2ebde1fb6ac0fb1a6eaa48a5d1a8d894ee13c42,create
0xe13e670b04587452c63080c7caddb15f5e821149,0xe19b50335946da21bee902e8b58f2f0a74b2d864,create
0xe13e670b04587452c63080c7caddb15f5e821149,0xeea73c558ce34738e2977b95d849a8ae39c45c5e,create
0xe1c38876fc6e87a009fbf5475267341f5659143b,0x24eea2ba6b3cb6a680f61ae7ba58d532cdb2b234,create
0xe1c38876fc6e87a009fbf5475267341f5659143b,0x65e3f6340d3af1d1be86168cc1ecd3dd2afeeef8,create
0xe1c38876fc6e87a009fbf5475267341f5659143b,0xabade96a3602603986a9f182244c6b30fb115f30,create
0xe1c38876fc6e87a009fbf5475267341f5659143b,0xdb44bbcd25bd407f44ecf1288dbc2590c16dd1f6,create
0xe89748af0d1f18fba7b0fd530ae10f602850a274,0x1c7c449ba1e8cb042b2100310620e550b2c25ac0,create
0xe89748af0d1f18fba7b0fd530ae10f602850a274,0x51019e97e79e777cd8d623b2cd85b1c6651e1e9d,create
0xee06bddaffa56a303718de53a5bc347efbe4c68f,0x43db968682a87b69d65ce66764e2f99128fa6442,create
0xee06bddaffa56a303718de53a5bc347efbe4c68f,0xd0815c6159df8a8664b813599d3cad8dd4b559f7,create
0xeebd331968c9562de493611cade33ce968e26ed8,0xf074a87dccacafe17755190fa42c70ec9d94e580,create
0xef0fde3af93aa69364b9b83ea7d13b43793474da,0x55791ea128a7b7fc871272d9147435a3abb3d1eb,create
0xef0fde3af93aa69364b9b83ea7d13b43793474da,0xacf1260b6566984e33b01ab9bfc1e6f8fdac70de,create
0xf0187c32e3fade64e923f130e56abecbb16a97a2,0xe1dddb24bcede3894019f6bbe67afed1465ba7b2,create
0xf20a68b511d896be775e90b6573836df8c65725c,0x401a029c868a19ff5bae80ecd36ee1eadfe54950,create
0xf20a68b511d896be775e90b6573836df8c65725c,0x55f350578e38a2b061c74ed2eabaebfc2a886a1a,create
0xf20a68b511d896be775e90b6573836df8c65725c,0x7adba62545dee64d990b24e91ecc00493b0ff432,create
0xf20a68b511d896be775e90b6573836df8c65725c,0x9ff86a3639c706dbee44d32f1666c43344e0b92e,create
0xf886426fbd94a93e339223e8e9bcda21bee6f314,0xd3c5cdd715fa5b6077120d2a1419d9222e303e2d,create
0xf886426fbd94a93e339223e8e9bcda21bee6f314,,create
0xf8ee3910680058ab8cfa12a363ec9f0601130f6d,0x6566215d923ebd5cd4a2d115e24dd793ed5afbff,create
0xf8ee3910680058ab8cfa12a363ec9f0601130f6d,0x751c952dca9dc971d96c7ccb1ba44bba53acbf4e,create
0xfccbe6622475c791b61ffe6ba952875e4feb8d1c,0x760c19d2ee6a57dd33b54a1b4a8aa97a6c32a8b1,create
0xff26f7cc57f8b9909e82b782302b8c8bac28bdb1,0x1cdc6018519b8921e7236bb84e3e293bb856858a,create
0xff26f7cc57f8b9909e82b782302b8c8bac28bdb1,0x8ed7d55619b2bcc3e517015e46cca00644ceadf2,create
0xff26f7cc57f8b9909e82b782302b8c8bac28bdb1,0xe8d37f3e4ea81ab54f707ccb93d2e79c3e28a931,create
0xff812b08d9c3049553f025475964eace9e636d05,0x378af82c0d6bf5e9ceef624047115c497ffa9d27,create
0xff812b08d9c3049553f025475964eace9e636d05,0x913f86893a83c208b221778c70663908611edb7c,create
Ambisafe Operations,0x08a418ddcb4adb868036fafad0444eda19191ccd,create
Ambisafe Operations,0x1e4b8b19d0d2906a440c76d9e4ad75a94f55e3be,create
Ambisafe Operations,0x2d8f0eb75bd3757b750652d20d0a65842a073683,create
Ambisafe Operations,0x4209a51508b9ecdb874ea33aa5b5269747062245,create
Ambisafe Operations,0x825e0adb16124315ed4a0671e8d3af3db22b5715,create
Ambisafe Operations,0xb5f5666f534f4a13d40714494b88f9f74935bddb,create
Ambisafe Operations,0xc0fb96a7b2a7bc56ac03a609196dd49e70967e71,create
Ambisafe Operations,0xc535ab4d7b235b8fadb96a6c2597f09022518c8e,create
Blockbits: Deployer,0x0f0b6cecfd03b847ad45a4d488f6c703af85af00,create
