0x00009d5d6288d1f1336d9c5aeca6f69ada293d06,0x0d61178ce25bf05c5b19dc56f30e0f10cbbe9f2b,create
0x00009d5d6288d1f1336d9c5aeca6f69ada293d06,0x3d9c195ae5feb66b1a7641e789338b50683ff747,create
0x00009d5d6288d1f1336d9c5aeca6f69ada293d06,0xa3bb0578d04d3b8efc6544ad31dd5be136b61db0,create
0x00009d5d6288d1f1336d9c5aeca6f69ada293d06,0xa5629861c9c345f50221996ef852fd9665eb1c05,create
0x00009d5d6288d1f1336d9c5aeca6f69ada293d06,0xadfaae1acc9db0440e43214ef5e7aba7e0a88eb8,create
0x00009d5d6288d1f1336d9c5aeca6f69ada293d06,0xb6aca06a3588f4ce5ce33a1a7e9152892b250ca3,create
0x00009d5d6288d1f1336d9c5aeca6f69ada293d06,0xea855828853bd9411d18af9b91095e50e9bef39b,create
0x00009d5d6288d1f1336d9c5aeca6f69ada293d06,0xfd52fa412913096a6b2e84374babf84b6ff2baf6,create
0x00009d5d6288d1f1336d9c5aeca6f69ada293d06,0xffff0031d8768861b3172a7c7dc7d91b646f53db,create
0x00322d568a0aa9e0f1dd087f30103425b3eaaac5,0xaef72f7e39a7d4bf15496e92999088988ca2fe9d,create
0x0059f6e71a81c1a84b469e8e72a854e0b382fd9a,0x7e2a69222d2b7f970703587e32949e10ff35ed17,create
0x0059f6e71a81c1a84b469e8e72a854e0b382fd9a,0xe14f29c22f47d1ca8dda796a6718c6bd0be0b3cf,create
0x0059f6e71a81c1a84b469e8e72a854e0b382fd9a,0xef6ad5b5e389b3676ca1c666d88821d4d5cad2ae,create
0x006180cbfc54228b5c372882f39812565c918d6b,0x65c52ae9b15dd6f30902e9f8164c91e912ee2be3,create
0x006180cbfc54228b5c372882f39812565c918d6b,0x896aa1c36c36a70c956681b4c03b00b13be829a4,create
0x00a4cc5f9a797da9caf773a629b917ddd24496b0,0x5ea3569db479365a1eca770cbad95bf9f5cdf03c,create
0x00a4cc5f9a797da9caf773a629b917ddd24496b0,0x881f21d3e2d2d4f48d815f41bea8dbdcf0e24e50,create
0x00f3f362ac8854f6ecc452fa5bad3cfc9d0d84d8,0xfd6ecfe1cc8cc5a0e49961b34c20ba6577c60df8,create
0x012b1efd83a1674046a83d2516b119b4a6e6acd6,0x8e1f5a1c8294af0eb00e4003b2d78a0919072e1e,create
0x069811a8e115549188b710bf8d981f0739c973f5,0x47a430808dbad2da2b920f66b6d8040f3b4c0512,create
0x069811a8e115549188b710bf8d981f0739c973f5,0xdeb67e94701a22fd2c826573094b1bd0156e03f3,create
0x09fdd2e8eee4f715358d77fb4dba188db3474bf1,0xa9a144b4001eb88cec3d051a987eefb188653bbb,create
0x09fdd2e8eee4f715358d77fb4dba188db3474bf1,0xada4f7ad549844c0bb7b7d70e77d3a37ef87d789,create
0x0d949074ebae16457ea67cfc9717c53cb62c7d73,0xfd2415e088e4e01eac9ad4e525587947cbe93412,create
0x12ab8e7e2907850253cb895bbe5992a06cf8bd91,0x058c1548b7f2214be1f730ce94bc760fc4930c14,create
0x12ab8e7e2907850253cb895bbe5992a06cf8bd91,0xd887c0197881626b3091b41354f9a99432d91aba,create
0x12ab8e7e2907850253cb895bbe5992a06cf8bd91,0xf5b72a62d7575f3a03954d4d7de2a2701da16049,create
0x158a916d909290794d8125200628b23d45994dea,0xa2d9a933a517259eef8cdbb36d4cab68dcab3d0a,create
0x15c53825c2ddc2d51f1ad5945bfe5cf44d560ff2,0x25926eff952bdcd3cb395a5614ab5094474b2dba,create
0x1a19ffe5b1ad794e70c9a93284644b3cdb3640c1,0x7a1b266a05faec6490817b2f18dbc24377dcc2d1,create
0x1a19ffe5b1ad794e70c9a93284644b3cdb3640c1,0x9a59575c76eb44c23ecdec0aac223de18712d47d,create
0x1a1fc363665144b6f322e4950b4458c79a6f7a66,0x15b4fc65f2909dd7ea150a796c50be4edc18cb95,create
0x1a1fc363665144b6f322e4950b4458c79a6f7a66,0x20ef9ef8d226688b800732fb0f1f1f8f9c780746,create
0x1a1fc363665144b6f322e4950b4458c79a6f7a66,0x5fd5dd087f893854b0c935cc922cb22218bf0cb3,create
0x1a6df8ae47e57153f81b4da1b26d45ca26ceec2c,0x1293b7793a2023cabf4d3804e8f7b426f48547c5,create
0x1a6df8ae47e57153f81b4da1b26d45ca26ceec2c,0x48dc0f4d471e6775ced9f7ef50c400a3a449cc19,create
0x1a6df8ae47e57153f81b4da1b26d45ca26ceec2c,0x94103e7022d94ef11868e1bce1d3de6d60a695ae,create
0x1bc73757c5346abd22837da04049879c92161ddc,0x63713bead598428e7d0778df00c3ab33fa78b5f4,create
0x1bc73757c5346abd22837da04049879c92161ddc,0x9f06e48ad8283699409c627f694e3871773907fe,create
0x1bc73757c5346abd22837da04049879c92161ddc,0xabd4492ced4ba9e677e5459fa48cb41f694636aa,create
0x1bc73757c5346abd22837da04049879c92161ddc,0xe4af0eedb8312d812b0ad2f2390391923f181d64,create
0x27479ed65721efb9d9dd1fbc1f6ebf24050a89c6,0x0fe37867f137d2ba5cc012d0252988c97f7afa45,create
0x27479ed65721efb9d9dd1fbc1f6ebf24050a89c6,0x79613a56d60ed4e74c25d284f44792be17aca692,create
0x27479ed65721efb9d9dd1fbc1f6ebf24050a89c6,0xdcbb6f73faa2bb5ff446d43ddc0b08fcecb93b5f,create
0x27c61e763b66a2d6586983d20bcb13e572607b89,0x178e422d4f7f15d6028ea25a8c6aba2d1241c0a2,create
0x2e2ff6fd274bd057d31b0cd01289fbcca5b046c5,0x8ea5950fcebe4680d59040f5bb8c6f49d6410c08,create
0x2fe3fa35ad7c9a587906cc11adc8dbaf322920fa,0x14a3f4795076c0ae67c2aa9efc10e58427a00dff,create
0x2ffac641968c3b98cf306b59c8bb10c60869e168,0x0f00e4d8ac4ff097824bbfe8efda6bc4a92355d0,create
0x2ffac641968c3b98cf306b59c8bb10c60869e168,0x736fcb9221bc56a76116981d010d17a320d7ca73,create
0x2ffac641968c3b98cf306b59c8bb10c60869e168,0xae67a572f84dd6caf4174b8307a7b859f8aeeb0a,create
0x3081f5cdc3689da1d679d88c3da6222eea9756bb,0x7ad537f90bcdd4d2c5eaef4285643e5040c703b7,create
0x364d5642228f2866653db42f0d3e37c75dae5c1b,0x74b1e7a15d5fb45868db39f3df1d182479606ec4,create
0x3689680779eb19d736518d295b7c7911e9571891,0x4df4364216f729f310c7656fc7e8933f3c6d0dce,create
0x3689680779eb19d736518d295b7c7911e9571891,0xb551dfbb46ecbc46cbce26957846e6e10ddbad07,create
0x3cc3033df6140ef37a5fadb588cbdc89c5698b14,0xe60f0c6aad0b02f62e078bb0d2c31a440ac8e7d0,create
0x41349963d8902470d4f56af25b014ee25f6dc934,0xcb148a1efe821ed3c3ef5a42e74645adee5f24e8,create
0x4159aa9196f86c06ed3365d9613e165cdaa6d9b6,0x42bedd647e387dabec65a7dc3a3babcc68bb664d,create
0x4159aa9196f86c06ed3365d9613e165cdaa6d9b6,0x78a91464a77833e1f853cd3e9b42476b7dfb4609,create
0x4159aa9196f86c06ed3365d9613e165cdaa6d9b6,0x808118a10f1811e7e8c5213ce1391c6c5adaf6b2,create
0x4159aa9196f86c06ed3365d9613e165cdaa6d9b6,0xb3f28180f9cceac8f8dd704775cc71ad67f027f9,create
0x4469bc6bd2ba2acda7841c2350d0d1de7f26521f,0x09fdbd24b40de647823ca7ebac81350609aab008,create
0x4469bc6bd2ba2acda7841c2350d0d1de7f26521f,0x205f5a8b68eb3ab18629fe0724f801a8e4fc0ba1,create
0x4469bc6bd2ba2acda7841c2350d0d1de7f26521f,0xd1c0644708d66ec7849bb09173edefe731d709cd,create
0x4469bc6bd2ba2acda7841c2350d0d1de7f26521f,0xe177f5929597388ac6c8a1800e0a03ae70d96da8,create
0x4ac14e5e9b6bd85336c88b1f0ae05d6501788393,0xa95fa2739bd56e7b1934f511a20c7e3aee596689,create
0x4e2af4f618360b66307a0cfed643f1f634d48eef,0x8ecf22f0c27fa5253a3eee350438cc2caaff9972,create
0x51e5c829ebe2b9fc1c5cf74078225d57eb324a3c,0xc1fbb18de504e0bba8514ff741f3109d790ed087,create
0x56c624ab77e5dc5c38872e4d03b9ccc1480661ed,0x7fed77c64559645176e783db9ef6547ccb762fa4,create
0x5823aef936d8f41c829336463149b88df0417ec7,0x460b3f3a8273dfbcd5fd5d23aaf0be5a11df3208,create
0x5a368e066da99b1d1e1927b74b2b289ccbef87a3,0x80d2ae9b3942c2179540d4ae683125549ff1ba06,create
0x5a368e066da99b1d1e1927b74b2b289ccbef87a3,0x890dc1df89fc6b14d4a69b93ad2ee68b57085767,create
0x5ebaac342e47c813d52f179e9c62d6d2a760a2ad,0x24f757d7b89af04213a8ab6f67f350f76aa22a77,create
0x630f6f23b5c24376cb17786c09c5ae2e5d426e12,0x5a53fff03bda72adf29c8b936f98a3160354fe4f,create
0x63c47c0ed26c5b3d220cdb60c16bf8266d081293,0x6006e404c8adf05891144b41c9602c353c9e493b,create
0x64de3e853e71bbafd1610a6ed989562989f03f0b,0x41a5cde849c3e5167db69934811958c2d36d323a,create
0x64de3e853e71bbafd1610a6ed989562989f03f0b,0x81190d066c1cca9a778a41703c9c7f6c506629d1,create
0x64de3e853e71bbafd1610a6ed989562989f03f0b,0x94dd78dbe600cc5c4e9caa5f3444affd36b33505,create
0x64de3e853e71bbafd1610a6ed989562989f03f0b,0xab51a20d744574f33e7f28a7b66b748dd5f7ce04,create
0x64de3e853e71bbafd1610a6ed989562989f03f0b,0xb063b44f10c788d1d73a942da34e15c496c7499d,create
0x65e48ff0a4e9a920422049d8c8e3e34d577a6d36,0x6c60cb59737d4eb5f766a2b8749bcaa85df14358,create
0x6c6af1b88f033d4d8aa187cf899e41d694be9305,0xf192246df2eacb1de8b861c1d9cba145fd4af6f9,create
0x6fe53eef0ea96c64f0225f3724a5beb82d4cbdf4,0xcc27ce64cf6f807cebfac616ccfe512641fa503d,create
0x71d96cfbc26051b622c68d140de7ed68677aa37a,0x6f6b9adff1e1f77153aaae2a4b9b2159bfd3e7bb,create
0x7301494d217c50557f4b2a515f0c65fa9b302641,0x05215fce25902366480696f38c3093e31dbce69a,create
0x7301494d217c50557f4b2a515f0c65fa9b302641,0x08225eddcce6abadf3e789723f6760aac5aa5917,create
0x77c4b15ae1009b1c56903ab1218caf64daeeac80,0x06c2452bcb4c1c1a046c520ffbad41fb8f48442b,create
0x78d39cdf39e80498237bc330e752dabd8f90ac2f,0x4b2838d9326bd5126f0573d9b5c71c0626ab28f2,create
0x7d92ba91fb158cbcc62a697465d7113e131cefa7,0x8d54459ae19dbdf17df681ea0bdf962d47c69271,create
0x7d92ba91fb158cbcc62a697465d7113e131cefa7,0xaba5b33cab706e22cbb15cd0d0b7741469f6d1e1,create
0x7f4894d31d0566f5f0f062e3a82dcdfa25de1d8f,0xc446f808f2973015be8cc86be37f76aac2c973bf,create
0x801d63de736faea8d5ca05a8c74c62d7a1e5db03,0xd19b5dac437122b718a592ec76844dcebdfef43d,create
0x832bb37720f252e083ae58cf74e4e9aa0393dc04,0x1f8eac009b3bd746d4fa5b20a51e218648a2febd,create
0x8868e3bcc4a4d5ca487a63f30aa0823c66b763ee,0x3a0e9acd953ffc0dd18d63603488846a6b8b2b01,create
0x8868e3bcc4a4d5ca487a63f30aa0823c66b763ee,0xe452a48c99f7717e6a3e4b5fc858b143ebec5132,create
0x89a64c31240eee15e8884667ad1877761c63afe6,0x155ff26448ce413af5b76848719af803a40fa2ab,create
0x89a64c31240eee15e8884667ad1877761c63afe6,0x3e84512f277a5081b9209831c51bce665035d9db,create
0x89a64c31240eee15e8884667ad1877761c63afe6,0x422f8015c5d8168edee923749701360a8a4d0703,create
0x89a64c31240eee15e8884667ad1877761c63afe6,0x750241c16c9fb878a7afd2b07b80f53e02c3f634,create
0x89a64c31240eee15e8884667ad1877761c63afe6,0xd12d8f8dfa54f1578b2177f99b2e282367b66b13,create
0x8a5c7e8839cd18ace893ef3c02ed7993d0ee7606,0xcfc60841bb8a64446771704159a1130a526d4b86,create
0x8abceed03cb86df5146e06cca2415b32dd81089a,0x403f614ea176bdd865ab0377831f487987179cea,create
0x93bb955ac8270b27e29618545cd9ff3de834b222,0x1a5dbaeca260678e5647584fb2306e2b3b53f257,create
0x93edddf175f4a1f1d042d560303df6dbdc72a1dc,0x21feda639f23647ac4066f25caaaa4fadb9eb595,create
0x93edddf175f4a1f1d042d560303df6dbdc72a1dc,0xf64bff8c799306aa5e431b052909e9ac6977a6f7,create
0x9a7a8bd062f4cb8ed7bd0d3d7a5a5af17e2a4b1c,0x1d9fe29aec8852d7a32ac26b695c258840feba15,create
0x9a7a8bd062f4cb8ed7bd0d3d7a5a5af17e2a4b1c,0x5dc2b3d9c1fbce1e7aedf4f18ff2c2cb4af0d357,create
0x9a7a8bd062f4cb8ed7bd0d3d7a5a5af17e2a4b1c,0x9775b4c42e2804344d36a427633a8136a779e4d1,create
0x9a7a8bd062f4cb8ed7bd0d3d7a5a5af17e2a4b1c,0xc4529ea3f838a7e27a673a87bfe844a5b8b1e4e2,create
0x9a7a8bd062f4cb8ed7bd0d3d7a5a5af17e2a4b1c,0xf2181c511002f729e28d504ce191895057147003,create
0x9c728ff3ef531cd2e46af97c59a809761ad5c987,0x427e6460df1d9624f4e266f3dcc0c860fe5a6319,create
0x9c728ff3ef531cd2e46af97c59a809761ad5c987,0xc3f2b61da3c3797930caf9e9ff174c2d70b2e8a5,create
0x9c728ff3ef531cd2e46af97c59a809761ad5c987,0xde39bcc574d7826f5ed64d045425571564dfea9e,create
0x9cc9b3133c1deb8e66aca7ec5ebcad26cd24ff27,0x43de395326e1fd472bf8ab81bbc895cc620705ed,create
0x9cc9b3133c1deb8e66aca7ec5ebcad26cd24ff27,0xb1c2f0cd906e491ff469bd6746ecd1023d46c101,create
0x9d3baa3b83a3e4e7171d2dd73cdbd8ef5dae4012,0x02b2101903eb6a51518e63e84b785180859fda9d,create
0x9d3baa3b83a3e4e7171d2dd73cdbd8ef5dae4012,0x1492cdd605d91658f228eab14d8444b60e6da8df,create
0x9d80d9eedfea62eda9895ca3743efe14012b397e,0x3f81d812405acd8fadde65177eb085927ee2b90d,create
0x9ec44e2a628986031a31ba3196cc7afb802114d8,0x765951ab946f3a6f0379680a6b05fb807d52ba09,create
0x9f304011ac43126463f12d3d4087221f638a7477,0x03eb85d73c00b4fa5b740937f422c6e8d5516d43,create
0x9fdd34d0444311843b32f0095d7d2c101377918f,0xdbda6655f1da6a4cf9513e02a112051d0152fbe7,create
0xa14b4a2e37a9806522e894651054f823251a90c9,0x627fa62ccbb1c1b04ffaecd72a53e37fc0e17839,create
0xa2b871f48b420b4944d040fbf2a15396bb642055,0xe5153f2c1e895b8b39ca75b5b2cd45e9ec1e5e1a,create
0xa62200267e29f0929fbdeb5d6b08fe4de129869f,0x0b99242dea449946c8b19e2410460e7d5efdebd6,create
0xa64ed2a497e86265764d029e05592f5ef60bcc0c,0x4620ac1edff8753012418a66a0b435c4b51f77a9,create
0xa64ed2a497e86265764d029e05592f5ef60bcc0c,0x4e942e1b0957f69f2a491d0ce46b609df93067ce,create
0xa64ed2a497e86265764d029e05592f5ef60bcc0c,0x7d3b08fa2404d8436a2100cadc954fe92a700dee,create
0xa64ed2a497e86265764d029e05592f5ef60bcc0c,0xebb19e4d888cb06e9f58068409a914b0f1d20838,create
0xa90d0560692d04de213165b980cac4572ce2ccf7,0x2b45d02393578e09d138b8484f0b908b7a072ac2,create
0xad41cd529351c541fcc398e9c8b4533c897007c7,0x2775ea3c785c2116ccd14aeda22303f7d9857d94,create
0xad41cd529351c541fcc398e9c8b4533c897007c7,0xf9c05e27ad87d8fef58225024eaa124118a2af7b,create
0xae7507b44bd9394bb9194a839f29b663af1fef01,0x1afd952269873fe009c7bdff5f07fd91605a7227,create
0xae7507b44bd9394bb9194a839f29b663af1fef01,0x4e00821b562e98bfbfb32245468b3ba4e5b3140a,create
0xae7507b44bd9394bb9194a839f29b663af1fef01,0xcf797c717267d833d948fe8f76742f05b8164491,create
0xae7507b44bd9394bb9194a839f29b663af1fef01,0xe190acdccd250dc371e69f1715ff4a7c20d0c67e,create
0xae7507b44bd9394bb9194a839f29b663af1fef01,0xe59005d47a26d56ea718cf61c9e2bcdd2f723f9a,create
0xb0a46598ee7145f9ac0e8675948bd6e0def7d50b,0xc85db7a696e392f494f6e60235bf349df6ebd8ca,create
0xb16deafc07116575aa5959af2efe362e91d2952a,0x5ad10dc7eee510d789c88080a103332ec71cbacf,create
0xb44a9974375e7e28ef0c44f9b071fdad4a08bd5b,0x0e09dc376caccbe83307115e454695c2bfda1a82,create
0xb53dfc93dc59716fb399931643c55ca875d8de22,0xce8c654fec106d70a6ca53eca8249ac526b5fbee,create
0xb85d84271e2bbf86d8fa3804a9e7defcb697cd5a,0xc3e90d7213a64fa964a94bda8ab08c03a589f425,create
0xbfb8379a1a0868e18a5608bdd3fca866552a2e9e,0x1c1992efa5f663d0f5af8b6f1544cdf6c552402b,create
0xbfb8379a1a0868e18a5608bdd3fca866552a2e9e,0x291b0345851466b83840db49db886b2a062ac3f8,create
0xc10dff238af6210c13898fd516cd61f1238e2486,0x307d209664fde60a27b7efde5e80073bd8d875cc,create
0xc10dff238af6210c13898fd516cd61f1238e2486,0xc5390981cd01acf08cd0e0c5a17165e592e0d085,create
0xc50561c1f07171660a89a021432daa83ffe75816,0x62e82bd7c894343d8cc580c21167fd9886268fd2,create
0xc5df1b317774defb3964fd678371baac490b568f,0x2ffe8372cc09f4df6b3ed0cfe5d8df1e30d8e046,create
0xca1c57db377e3346638ca595ffc32db94bcc016b,0x2eba4f65eae6f08ddb4c9db1ba41ac9d31eb8d86,create
0xca1c57db377e3346638ca595ffc32db94bcc016b,0x44c263ddb06702c5bf540b130b19e880b5a8777c,create
0xca1c57db377e3346638ca595ffc32db94bcc016b,0x76462da255bfc7b990035c6dd2e76f8b99a9c827,create
0xca1c57db377e3346638ca595ffc32db94bcc016b,0xc7ede9535c809332b16a5b7d0cdd7467839820f0,create
0xca1c57db377e3346638ca595ffc32db94bcc016b,0xf8e2803be874afcf7d305653cc5d45782e29a684,create
0xcd3c8da7b080cd6c331616fccc81ada97bfd4fc2,0x445df673309b75415a393ab4cd2520d51eb5a21d,create
0xcd4a97b2da499e83668d91f5f56d3c564e58fc6f,0x1733ba79646a19a2a3c54d8a0472466c660357d4,create
0xcd4a97b2da499e83668d91f5f56d3c564e58fc6f,0x1c16dad46b1428553db713bfd7f38fa86e89854e,create
0xcd4a97b2da499e83668d91f5f56d3c564e58fc6f,0x6973bb93915e9743d3f39ce369418b9df511c7c9,create
0xcd4a97b2da499e83668d91f5f56d3c564e58fc6f,0xd1ee0c68157cc774fb1ecf9391b06d3f064e58da,create
0xcd4a97b2da499e83668d91f5f56d3c564e58fc6f,0xf5f2ab0f4a3f275b5beda2c774c2fbe64e4a718f,create
0xcde6e311213f6340ede210d56e62d5328b867655,0x31397b9a3656bf3abe9edc96aa29959088d16c04,create
0xcde6e311213f6340ede210d56e62d5328b867655,0x3676c13af34fd677bcfa4b2fbcf77dfd640def3f,create
0xcde6e311213f6340ede210d56e62d5328b867655,0xf05761137e5969395c563319a66e7eb1283bb333,create
0xce3f760adef206d1c940feacff9bc48dbf291a25,0xc4321e262353fc1f6dca8f5054cf7c24b0c4181c,create
0xce3f760adef206d1c940feacff9bc48dbf291a25,0xe886b1e57175d0dcd3a07daabf56981b505f4a9e,create
0xd19e13d40188a0123da1561c8f063ce5cadecd56,0x335ce71e5bb8351800459ceab23a15036ab267eb,create
0xd19e13d40188a0123da1561c8f063ce5cadecd56,0xad29330990bf08fd41e7bc31385d050898ccbfa0,create
0xd19e13d40188a0123da1561c8f063ce5cadecd56,0xad4df4975414e0dcb4c24356bf3947b21b6845e8,create
0xd28e57456b477787c393017588634f02317b6b9d,0xfd1c3314bf64c12017093351cdd2fb6b07e0c0bd,create
0xd58d5d7657e86007f201654a6144889671bcca2e,0xe4ceb5a09d7c38d91587716c6f3e27e3f83f13bd,create
0xd60e7efb243a1c96de19403ef5e8407130ba7821,0xae81b7a8bb06e683dbb4570f623094311145f326,create
0xd75c0520e628c7c7d7d90e9f64b3af474af22af2,0xa9e47658f28bfbcad94ef97201ac328cf7e85529,create
0xd9ded446ce2076eb24ad24477da7ea4a1d0f129a,0x128c7e35cc49dc6ac782877cee0d7076cbf10837,create
0xd9ded446ce2076eb24ad24477da7ea4a1d0f129a,0x305d5c41a5d2de29d3884ff93abc7b0175fdeac1,create
0xd9ded446ce2076eb24ad24477da7ea4a1d0f129a,0x3e373a5c2a10cbb8626216284a525dc5e0ce6581,create
0xddaa71cb38102934edded1de7f36b7e9b80b3b64,0xa8a99dac506e07f16ade3ca6513c485deaf94166,create
0xde81b20b6801d99efeaeced48a11ba025180b8cc,0x7a1f4c713b7ced54b86a3baca9cbda91d2ef27fc,create
0xde81b20b6801d99efeaeced48a11ba025180b8cc,0xbd10c70e94aca5c0b9eb434a62f2d8444ec0649d,create
0xde81b20b6801d99efeaeced48a11ba025180b8cc,0xe22a1b2e1444ccdb730a58930819210ec75adc58,create
0xde81b20b6801d99efeaeced48a11ba025180b8cc,0xe86c6b6c21de28da056e609bda3409ac60028e40,create
0xdeadf034d819b871c8fc906c45743f64abb41eb2,0x757167d6238936428d9baf0a29605b2783e3b925,create
0xdf22cc01eb99885e4d99f3218d85e1a171bcfe9d,0xef02dcc2e1cf06e2cded2d0c3697843e94a41741,create
0xe00075cce4ce22560629bf85944f86cabd13f078,0x83d681280ebb933a428006da572843d9e1d97f9b,create
0xe00075cce4ce22560629bf85944f86cabd13f078,0x92ac2c9f0c4d179feadb8e4b3d8111ef403257f0,create
0xe37a78434f07c0c2a0c949b18d728f6cae2acf28,0x59f3d26902caf222d9d4abb91fe2cb9c9956c010,create
0xe412f7324492ead5eacf30dcec2240553bf1326a,0x386ad113262c6ec206ad66ed5fd267927702815e,create
0xe412f7324492ead5eacf30dcec2240553bf1326a,0xe54420ef4ecda25e08b82a71f72e043f83d7d808,create
0xe62fcfbe69189c9fc537b5209d633b9e4973f2d1,0x47c25a00d53337c0bbf297a51939a1a9309ff5c9,create
0xe62fcfbe69189c9fc537b5209d633b9e4973f2d1,0xd409c61cd9b0c6bd8d9ef68439474bd975f6e0ce,create
0xe7b845b0c37047860cb4598c69ecf95bf9220df5,0x32f14d71499fc2c1482eb275ec83ce5fb1d6c7ec,create
0xe7b845b0c37047860cb4598c69ecf95bf9220df5,0xda9378ae021239378752acfb1821bb6ed9309371,create
0xe8e31ba9e85ab8ccc16a17db63a2973fc5172a9c,0x35e44051799bd7cea091c4fad2cba9b37e364c5b,create
0xea747164820c2aaedfb6e6b75ac727150d03b279,0x627d2ee149cb0daec9e7b8aede4f03036ea9624c,create
0xec4c079dafe84579b31f8a68e170345742711f93,0x496a84aeaa78f6fc8ed458904d7f2d52b222e823,create
0xec4c079dafe84579b31f8a68e170345742711f93,0xa83c4a6d0418074655bdbe74fed8435c46c19f66,create
0xec4c079dafe84579b31f8a68e170345742711f93,0xf70ce1be9685b0cfb531bc712d3faace858b5bfb,create
0xed898927ca20c38016ef19fd022b3e5cab67ec85,0xde925074ea47b250ec3eab91daaf2aa75919f2ac,create
0xf08fe88ed3120e19546eeee1ebe5e7b2ff66b5e7,0x4b17c05fc1566891e5a9220d22527b5aeab0e1d0,create
0xf76f0a189c4ff78fe2855138bbf24353a221bc02,0x467532e79222670a2044c9b168bcbaa33b390ef5,create
0xf7f2091a121f699f61cff3b59d10b93bbdba007f,0xf6fb8999e240acab5612041f941f913964f81555,create
0xf8a2643dc83d851bc5843529f39f378216eab317,0x8dcabb5801bde17e5c5ede7624440fa956baac3b,create
0xfa9fbfca9aa9158d2c123810a1a688e8701da25a,0x8dd44137ed45dec8fdce8b3d60318acfc9d3f686,create
